{
    "name": "root",
    "gauges": {
        "CarDriver.Policy.Entropy.mean": {
            "value": 2.5348682403564453,
            "min": 2.5348682403564453,
            "max": 3.2298007011413574,
            "count": 25
        },
        "CarDriver.Policy.Entropy.sum": {
            "value": 50900.15625,
            "min": 50900.15625,
            "max": 66094.640625,
            "count": 25
        },
        "CarDriver.Step.mean": {
            "value": 499972.0,
            "min": 19981.0,
            "max": 499972.0,
            "count": 25
        },
        "CarDriver.Step.sum": {
            "value": 499972.0,
            "min": 19981.0,
            "max": 499972.0,
            "count": 25
        },
        "CarDriver.Policy.ExtrinsicValueEstimate.mean": {
            "value": -0.190310999751091,
            "min": -0.256802499294281,
            "max": -0.051064811646938324,
            "count": 25
        },
        "CarDriver.Policy.ExtrinsicValueEstimate.sum": {
            "value": -59.757652282714844,
            "min": -80.89279174804688,
            "max": -15.983285903930664,
            "count": 25
        },
        "CarDriver.Policy.GailValueEstimate.mean": {
            "value": 20.265104293823242,
            "min": 17.988113403320312,
            "max": 41.26898956298828,
            "count": 25
        },
        "CarDriver.Policy.GailValueEstimate.sum": {
            "value": 6363.24267578125,
            "min": 5630.27978515625,
            "max": 12999.7314453125,
            "count": 25
        },
        "CarDriver.Losses.PolicyLoss.mean": {
            "value": 0.04153018680440973,
            "min": 0.03869516825796924,
            "max": 0.04810798741971609,
            "count": 25
        },
        "CarDriver.Losses.PolicyLoss.sum": {
            "value": 0.7890735492837849,
            "min": 0.6735118238760253,
            "max": 0.9128021593799833,
            "count": 25
        },
        "CarDriver.Losses.ValueLoss.mean": {
            "value": 19.60925796262005,
            "min": 5.410210610539824,
            "max": 30.470942851475307,
            "count": 25
        },
        "CarDriver.Losses.ValueLoss.sum": {
            "value": 372.5759012897809,
            "min": 97.38379098971684,
            "max": 426.5931999206543,
            "count": 25
        },
        "CarDriver.Policy.LearningRate.mean": {
            "value": 5.952350647494739e-06,
            "min": 5.952350647494739e-06,
            "max": 0.0002932592165326428,
            "count": 25
        },
        "CarDriver.Policy.LearningRate.sum": {
            "value": 0.00011309466230240003,
            "min": 0.00011309466230240003,
            "max": 0.005130117189960999,
            "count": 25
        },
        "CarDriver.Policy.Epsilon.mean": {
            "value": 0.10198408421052634,
            "min": 0.10198408421052634,
            "max": 0.19775307142857143,
            "count": 25
        },
        "CarDriver.Policy.Epsilon.sum": {
            "value": 1.9376976000000004,
            "min": 1.908296,
            "max": 3.6100390000000004,
            "count": 25
        },
        "CarDriver.Policy.Beta.mean": {
            "value": 1.972201263157895e-05,
            "min": 1.972201263157895e-05,
            "max": 0.00048899005,
            "count": 25
        },
        "CarDriver.Policy.Beta.sum": {
            "value": 0.0003747182400000001,
            "min": 0.0003747182400000001,
            "max": 0.0085691911,
            "count": 25
        },
        "CarDriver.Policy.GAILPolicyEstimate.mean": {
            "value": 0.21277527720258943,
            "min": 0.21277527720258943,
            "max": 0.44501481494969786,
            "count": 25
        },
        "CarDriver.Policy.GAILPolicyEstimate.sum": {
            "value": 4.042730266849199,
            "min": 4.042730266849199,
            "max": 7.172888219356536,
            "count": 25
        },
        "CarDriver.Policy.GAILExpertEstimate.mean": {
            "value": 0.7413758677348756,
            "min": 0.5078651602779116,
            "max": 0.7413758677348756,
            "count": 25
        },
        "CarDriver.Policy.GAILExpertEstimate.sum": {
            "value": 14.086141486962637,
            "min": 7.110112243890763,
            "max": 14.086141486962637,
            "count": 25
        },
        "CarDriver.Losses.GAILLoss.mean": {
            "value": 0.6544133500571836,
            "min": 0.6544133500571836,
            "max": 1.2997926604653163,
            "count": 25
        },
        "CarDriver.Losses.GAILLoss.sum": {
            "value": 12.433853651086489,
            "min": 12.230277083814144,
            "max": 19.31788300474485,
            "count": 25
        },
        "CarDriver.Policy.GAILGradMagLoss.mean": {
            "value": 0.043793395055425274,
            "min": 0.03967149220234542,
            "max": 2.0976496775161535,
            "count": 25
        },
        "CarDriver.Policy.GAILGradMagLoss.sum": {
            "value": 0.8320745060530802,
            "min": 0.7140868596422175,
            "max": 29.367095485226148,
            "count": 25
        },
        "CarDriver.Losses.PretrainingLoss.mean": {
            "value": 0.4283291660902793,
            "min": 0.4283291660902793,
            "max": 0.6166935889493852,
            "count": 25
        },
        "CarDriver.Losses.PretrainingLoss.sum": {
            "value": 8.138254155715307,
            "min": 7.757058187077442,
            "max": 10.11935513963302,
            "count": 25
        },
        "CarDriver.Environment.EpisodeLength.mean": {
            "value": 3499.0,
            "min": 2149.5,
            "max": 3499.0,
            "count": 25
        },
        "CarDriver.Environment.EpisodeLength.sum": {
            "value": 17495.0,
            "min": 4299.0,
            "max": 26501.0,
            "count": 25
        },
        "CarDriver.Environment.CumulativeReward.mean": {
            "value": -6.6,
            "min": -9.0,
            "max": -5.4,
            "count": 25
        },
        "CarDriver.Environment.CumulativeReward.sum": {
            "value": -33.0,
            "min": -63.0,
            "max": -14.0,
            "count": 25
        },
        "CarDriver.Policy.ExtrinsicReward.mean": {
            "value": -6.6,
            "min": -9.0,
            "max": -5.4,
            "count": 25
        },
        "CarDriver.Policy.ExtrinsicReward.sum": {
            "value": -33.0,
            "min": -63.0,
            "max": -14.0,
            "count": 25
        },
        "CarDriver.Policy.GailReward.mean": {
            "value": 890.9116794586182,
            "min": 820.2930153369904,
            "max": 1428.0481129373823,
            "count": 25
        },
        "CarDriver.Policy.GailReward.sum": {
            "value": 4454.558397293091,
            "min": 2036.7064752578735,
            "max": 10443.909853458405,
            "count": 25
        },
        "CarDriver.IsTraining.mean": {
            "value": 1.0,
            "min": 1.0,
            "max": 1.0,
            "count": 25
        },
        "CarDriver.IsTraining.sum": {
            "value": 1.0,
            "min": 1.0,
            "max": 1.0,
            "count": 25
        }
    },
    "metadata": {
        "timer_format_version": "0.1.0",
        "start_time_seconds": "1751169260",
        "python_version": "3.8.0 (tags/v3.8.0:fa919fd, Oct 14 2019, 19:37:50) [MSC v.1916 64 bit (AMD64)]",
        "command_line_arguments": "C:\\Users\\vanos\\OneDrive\\Desktop\\Uni Stuff\\Y3\\Redo\\Advanced Tools\\Git Project\\MLAdvancedTools\\venv\\Scripts\\mlagents-learn config/CarDriver.yaml --run-id=ImitationTestFixed",
        "mlagents_version": "0.29.0",
        "mlagents_envs_version": "0.29.0",
        "communication_protocol_version": "1.5.0",
        "pytorch_version": "2.4.1+cpu",
        "numpy_version": "1.21.2",
        "end_time_seconds": "1751169982"
    },