{
    "name": "root",
    "gauges": {
        "CarDriver.Policy.Entropy.mean": {
            "value": 1.699422836303711,
            "min": 1.699422836303711,
            "max": 2.1943657398223877,
            "count": 20
        },
        "CarDriver.Policy.Entropy.sum": {
            "value": 34151.6015625,
            "min": 34151.6015625,
            "max": 44326.1875,
            "count": 20
        },
        "CarDriver.Step.mean": {
            "value": 399967.0,
            "min": 19942.0,
            "max": 399967.0,
            "count": 20
        },
        "CarDriver.Step.sum": {
            "value": 399967.0,
            "min": 19942.0,
            "max": 399967.0,
            "count": 20
        },
        "CarDriver.Policy.ExtrinsicValueEstimate.mean": {
            "value": -0.8924784064292908,
            "min": -3.350628137588501,
            "max": 1.9265050888061523,
            "count": 20
        },
        "CarDriver.Policy.ExtrinsicValueEstimate.sum": {
            "value": -310.5824890136719,
            "min": -1065.499755859375,
            "max": 653.085205078125,
            "count": 20
        },
        "CarDriver.Policy.GailValueEstimate.mean": {
            "value": 0.39770564436912537,
            "min": 0.38609975576400757,
            "max": 0.6584278345108032,
            "count": 20
        },
        "CarDriver.Policy.GailValueEstimate.sum": {
            "value": 138.4015655517578,
            "min": 121.57889556884766,
            "max": 208.72161865234375,
            "count": 20
        },
        "CarDriver.Losses.PolicyLoss.mean": {
            "value": 0.04497058669885359,
            "min": 0.03910645106276334,
            "max": 0.04976830239239563,
            "count": 20
        },
        "CarDriver.Losses.PolicyLoss.sum": {
            "value": 0.8544411472782183,
            "min": 0.647924347092501,
            "max": 0.8958294430631213,
            "count": 20
        },
        "CarDriver.Losses.ValueLoss.mean": {
            "value": 7.680860495358183,
            "min": 0.06255573662316524,
            "max": 7.680860495358183,
            "count": 20
        },
        "CarDriver.Losses.ValueLoss.sum": {
            "value": 145.93634941180548,
            "min": 1.1885589958401397,
            "max": 145.93634941180548,
            "count": 20
        },
        "CarDriver.Policy.LearningRate.mean": {
            "value": 6.573762545590526e-05,
            "min": 6.573762545590526e-05,
            "max": 0.00029366212211262663,
            "count": 20
        },
        "CarDriver.Policy.LearningRate.sum": {
            "value": 0.0012490148836622,
            "min": 0.0012490148836622,
            "max": 0.0050732473089176,
            "count": 20
        },
        "CarDriver.Policy.Epsilon.mean": {
            "value": 0.12191251578947371,
            "min": 0.12191251578947371,
            "max": 0.19788737333333337,
            "count": 20
        },
        "CarDriver.Policy.Epsilon.sum": {
            "value": 2.3163378000000003,
            "min": 2.3163378000000003,
            "max": 3.4910824000000003,
            "count": 20
        },
        "CarDriver.Policy.Beta.mean": {
            "value": 0.00011737132736842107,
            "min": 0.00011737132736842107,
            "max": 0.0004896481293333333,
            "count": 20
        },
        "CarDriver.Policy.Beta.sum": {
            "value": 0.0022300552200000003,
            "min": 0.0022300552200000003,
            "max": 0.00846630376,
            "count": 20
        },
        "CarDriver.Policy.GAILPolicyEstimate.mean": {
            "value": 0.4176176268803446,
            "min": 0.30145594895931715,
            "max": 0.5075405702767549,
            "count": 20
        },
        "CarDriver.Policy.GAILPolicyEstimate.sum": {
            "value": 7.934734910726547,
            "min": 5.727663030227026,
            "max": 8.507491116722425,
            "count": 20
        },
        "CarDriver.Policy.GAILExpertEstimate.mean": {
            "value": 0.5839065527706815,
            "min": 0.5683977491500084,
            "max": 0.8029778766963216,
            "count": 20
        },
        "CarDriver.Policy.GAILExpertEstimate.sum": {
            "value": 11.094224502642948,
            "min": 9.320080890258152,
            "max": 14.45360178053379,
            "count": 20
        },
        "CarDriver.Losses.GAILLoss.mean": {
            "value": 1.1507826384745146,
            "min": 0.6902896464974791,
            "max": 1.2197628676449812,
            "count": 20
        },
        "CarDriver.Losses.GAILLoss.sum": {
            "value": 21.864870131015778,
            "min": 12.425213636954625,
            "max": 23.096908420324326,
            "count": 20
        },
        "CarDriver.Policy.GAILGradMagLoss.mean": {
            "value": 0.020132293503960237,
            "min": 0.020132293503960237,
            "max": 2.368930044371496,
            "count": 20
        },
        "CarDriver.Policy.GAILGradMagLoss.sum": {
            "value": 0.3825135765752445,
            "min": 0.3825135765752445,
            "max": 35.53395066557244,
            "count": 20
        },
        "CarDriver.Losses.PretrainingLoss.mean": {
            "value": 0.815187519221865,
            "min": 0.815187519221865,
            "max": 1.1236489365672508,
            "count": 20
        },
        "CarDriver.Losses.PretrainingLoss.sum": {
            "value": 15.488562865215435,
            "min": 15.488562865215435,
            "max": 20.643586403445195,
            "count": 20
        },
        "CarDriver.Environment.EpisodeLength.mean": {
            "value": 240.02380952380952,
            "min": 240.02380952380952,
            "max": 4999.0,
            "count": 20
        },
        "CarDriver.Environment.EpisodeLength.sum": {
            "value": 20162.0,
            "min": 2979.0,
            "max": 30282.0,
            "count": 20
        },
        "CarDriver.Environment.CumulativeReward.mean": {
            "value": -4.772600171111879,
            "min": -190.23462707564855,
            "max": 8.919213589567404,
            "count": 20
        },
        "CarDriver.Environment.CumulativeReward.sum": {
            "value": -400.8984143733978,
            "min": -1141.4077624538913,
            "max": 463.79910665750504,
            "count": 20
        },
        "CarDriver.Policy.ExtrinsicReward.mean": {
            "value": -4.772600171111879,
            "min": -190.23462707564855,
            "max": 8.919213589567404,
            "count": 20
        },
        "CarDriver.Policy.ExtrinsicReward.sum": {
            "value": -400.8984143733978,
            "min": -1141.4077624538913,
            "max": 463.79910665750504,
            "count": 20
        },
        "CarDriver.Policy.GailReward.mean": {
            "value": 1.424830263280975,
            "min": 1.424830263280975,
            "max": 31.932160251773894,
            "count": 20
        },
        "CarDriver.Policy.GailReward.sum": {
            "value": 119.6857421156019,
            "min": 22.827968686819077,
            "max": 162.35569139011204,
            "count": 20
        },
        "CarDriver.IsTraining.mean": {
            "value": 1.0,
            "min": 1.0,
            "max": 1.0,
            "count": 20
        },
        "CarDriver.IsTraining.sum": {
            "value": 1.0,
            "min": 1.0,
            "max": 1.0,
            "count": 20
        }
    },
    "metadata": {
        "timer_format_version": "0.1.0",
        "start_time_seconds": "1751225226",
        "python_version": "3.8.0 (tags/v3.8.0:fa919fd, Oct 14 2019, 19:37:50) [MSC v.1916 64 bit (AMD64)]",
        "command_line_arguments": "C:\\Users\\vanos\\OneDrive\\Desktop\\Uni Stuff\\Y3\\Redo\\Advanced Tools\\Git Project\\MLAdvancedTools\\venv\\Scripts\\mlagents-learn --force config/CarDriver.yaml --run-id=FullTrackImi14",
        "mlagents_version": "0.29.0",