{
    "name": "root",
    "gauges": {
        "CarDriver.Policy.Entropy.mean": {
            "value": 4.230018138885498,
            "min": 4.230018138885498,
            "max": 4.271951675415039,
            "count": 10
        },
        "CarDriver.Policy.Entropy.sum": {
            "value": 211703.953125,
            "min": 211703.953125,
            "max": 213802.640625,
            "count": 10
        },
        "CarDriver.Step.mean": {
            "value": 499984.0,
            "min": 49984.0,
            "max": 499984.0,
            "count": 10
        },
        "CarDriver.Step.sum": {
            "value": 499984.0,
            "min": 49984.0,
            "max": 499984.0,
            "count": 10
        },
        "CarDriver.Policy.ExtrinsicValueEstimate.mean": {
            "value": 0.09676061570644379,
            "min": 0.07847725600004196,
            "max": 0.16110987961292267,
            "count": 10
        },
        "CarDriver.Policy.ExtrinsicValueEstimate.sum": {
            "value": 77.40849304199219,
            "min": 62.781803131103516,
            "max": 128.72679138183594,
            "count": 10
        },
        "CarDriver.Environment.EpisodeLength.mean": {
            "value": 1499.0,
            "min": 1499.0,
            "max": 1499.0,
            "count": 10
        },
        "CarDriver.Environment.EpisodeLength.sum": {
            "value": 47968.0,
            "min": 47968.0,
            "max": 50966.0,
            "count": 10
        },
        "CarDriver.Environment.CumulativeReward.mean": {
            "value": 1.0909090909090908,
            "min": 0.75,
            "max": 1.5454545454545454,
            "count": 10
        },
        "CarDriver.Environment.CumulativeReward.sum": {
            "value": 36.0,
            "min": 24.0,
            "max": 51.0,
            "count": 10
        },
        "CarDriver.Policy.ExtrinsicReward.mean": {
            "value": 1.0909090909090908,
            "min": 0.75,
            "max": 1.5454545454545454,
            "count": 10
        },
        "CarDriver.Policy.ExtrinsicReward.sum": {
            "value": 36.0,
            "min": 24.0,
            "max": 51.0,
            "count": 10
        },
        "CarDriver.Losses.PolicyLoss.mean": {
            "value": 0.022837990992120465,
            "min": 0.022837990992120465,
            "max": 0.02575391131841267,
            "count": 10
        },
        "CarDriver.Losses.PolicyLoss.sum": {
            "value": 0.11418995496060233,
            "min": 0.09383911682719676,
            "max": 0.12876955659206335,
            "count": 10
        },
        "CarDriver.Losses.ValueLoss.mean": {
            "value": 0.0191086096316576,
            "min": 0.01654947735369205,
            "max": 0.020519943448404472,
            "count": 10
        },
        "CarDriver.Losses.ValueLoss.sum": {
            "value": 0.095543048158288,
            "min": 0.07257574691126743,
            "max": 0.10259971724202235,
            "count": 10
        },
        "CarDriver.Policy.LearningRate.mean": {
            "value": 1.5620254793280004e-05,
            "min": 1.5620254793280004e-05,
            "max": 0.0002845632051456,
            "count": 10
        },
        "CarDriver.Policy.LearningRate.sum": {
            "value": 7.810127396640001e-05,
            "min": 7.810127396640001e-05,
            "max": 0.0012836832721055996,
            "count": 10
        },
        "CarDriver.Policy.Epsilon.mean": {
            "value": 0.10520671999999998,
            "min": 0.10520671999999998,
            "max": 0.19485439999999998,
            "count": 10
        },
        "CarDriver.Policy.Epsilon.sum": {
            "value": 0.5260335999999999,
            "min": 0.5260335999999999,
            "max": 0.9278944,
            "count": 10
        },
        "CarDriver.Policy.Beta.mean": {
            "value": 0.00026981532800000006,
            "min": 0.00026981532800000006,
            "max": 0.004743234559999999,
            "count": 10
        },
        "CarDriver.Policy.Beta.sum": {
            "value": 0.0013490766400000003,
            "min": 0.0013490766400000003,
            "max": 0.021401930560000004,
            "count": 10
        },
        "CarDriver.IsTraining.mean": {
            "value": 1.0,
            "min": 1.0,
            "max": 1.0,
            "count": 10
        },
        "CarDriver.IsTraining.sum": {
            "value": 1.0,
            "min": 1.0,
            "max": 1.0,
            "count": 10
        }
    },
    "metadata": {
        "timer_format_version": "0.1.0",
        "start_time_seconds": "1751125371",
        "python_version": "3.8.0 (tags/v3.8.0:fa919fd, Oct 14 2019, 19:37:50) [MSC v.1916 64 bit (AMD64)]",
        "command_line_arguments": "C:\\Users\\vanos\\OneDrive\\Desktop\\Uni Stuff\\Y3\\Redo\\Advanced Tools\\Git Project\\MLAdvancedTools\\venv\\Scripts\\mlagents-learn --run-id=FixedTest2",
        "mlagents_version": "0.29.0",
        "mlagents_envs_version": "0.29.0",
        "communication_protocol_version": "1.5.0",
        "pytorch_version": "2.4.1+cpu",
        "numpy_version": "1.21.2",
        "end_time_seconds": "1751126830"
    },
    "total": 1459.1183746,
    "count": 1,
    "self": 0.01809699999989789,
    "children": {
        "run_training.setup": {
            "total": 0.1305329000000004,
            "count": 1,
            "self": 0.1305329000000004
        },
        "TrainerController.start_learning": {
            "total": 1458.9697447,
            "count": 1,
            "self": 4.537613399963675,
            "children": {
                "TrainerController._reset_env": {
                    "total": 8.4846059,
                    "count": 1,
                    "self": 8.4846059
                },
                "TrainerController.advance": {
                    "total": 1445.8389652000365,
                    "count": 250024,
                    "self": 4.388343900075142,
                    "children": {
                        "env_step": {
                            "total": 1282.6059159999604,
                            "count": 250024,
                            "self": 757.4734891999731,
                            "children": {
                                "SubprocessEnvManager._take_step": {
                                    "total": 522.1077587999752,
                                    "count": 250024,
                                    "self": 11.268290899992905,
                                    "children": {
                                        "TorchPolicy.evaluate": {
                                            "total": 510.83946789998225,
                                            "count": 250024,
                                            "self": 71.09987730001757,
                                            "children": {
                                                "TorchPolicy.sample_actions": {
                                                    "total": 439.7395905999647,
                                                    "count": 250024,
                                                    "self": 439.7395905999647
                                                }
                                            }
                                        }
                                    }
                                },
                                "workers": {
                                    "total": 3.0246680000122073,
                                    "count": 250024,
                                    "self": 0.0,
                                    "children": {
                                        "worker_root": {
                                            "total": 1444.6205465000069,
                                            "count": 250024,
                                            "is_parallel": true,
                                            "self": 891.9762671000288,