{
    "name": "root",
    "gauges": {
        "CarDriver.Policy.Entropy.mean": {
            "value": 1.1305893659591675,
            "min": 1.1305893659591675,
            "max": 1.9599261283874512,
            "count": 25
        },
        "CarDriver.Policy.Entropy.sum": {
            "value": 22599.3515625,
            "min": 22599.3515625,
            "max": 39900.17578125,
            "count": 25
        },
        "CarDriver.Step.mean": {
            "value": 499970.0,
            "min": 19983.0,
            "max": 499970.0,
            "count": 25
        },
        "CarDriver.Step.sum": {
            "value": 499970.0,
            "min": 19983.0,
            "max": 499970.0,
            "count": 25
        },
        "CarDriver.Policy.ExtrinsicValueEstimate.mean": {
            "value": 4.229815483093262,
            "min": 4.229815483093262,
            "max": 40.807125091552734,
            "count": 25
        },
        "CarDriver.Policy.ExtrinsicValueEstimate.sum": {
            "value": 1370.460205078125,
            "min": 1370.460205078125,
            "max": 13956.0361328125,
            "count": 25
        },
        "CarDriver.Policy.GailValueEstimate.mean": {
            "value": 6.162020206451416,
            "min": 5.627798080444336,
            "max": 15.540233612060547,
            "count": 25
        },
        "CarDriver.Policy.GailValueEstimate.sum": {
            "value": 1996.4945068359375,
            "min": 1761.500732421875,
            "max": 5314.759765625,
            "count": 25
        },
        "CarDriver.Losses.PolicyLoss.mean": {
            "value": 0.04394406234649451,
            "min": 0.038699386290094825,
            "max": 0.04753765195966008,
            "count": 25
        },
        "CarDriver.Losses.PolicyLoss.sum": {
            "value": 0.8349371845833957,
            "min": 0.7171988867533703,
            "max": 0.8998193399747832,
            "count": 25
        },
        "CarDriver.Losses.ValueLoss.mean": {
            "value": 8.536349948038135,
            "min": 2.975387512533753,
            "max": 50.534764540822884,
            "count": 25
        },
        "CarDriver.Losses.ValueLoss.sum": {
            "value": 162.19064901272455,
            "min": 53.55697522560756,
            "max": 960.1605262756348,
            "count": 25
        },
        "CarDriver.Policy.LearningRate.mean": {
            "value": 5.896771718652633e-06,
            "min": 5.896771718652633e-06,
            "max": 0.0002937291354236222,
            "count": 25
        },
        "CarDriver.Policy.LearningRate.sum": {
            "value": 0.00011203866265440002,
            "min": 0.00011203866265440002,
            "max": 0.005357980914006399,
            "count": 25
        },
        "CarDriver.Policy.Epsilon.mean": {
            "value": 0.10196555789473685,
            "min": 0.10196555789473685,
            "max": 0.19790971111111114,
            "count": 25
        },
        "CarDriver.Policy.Epsilon.sum": {
            "value": 1.9373456000000002,
            "min": 1.9068828,
            "max": 3.6859936000000006,
            "count": 25
        },
        "CarDriver.Policy.Beta.mean": {
            "value": 1.963123368421053e-05,
            "min": 1.963123368421053e-05,
            "max": 0.0004897575844444445,
            "count": 25
        },
        "CarDriver.Policy.Beta.sum": {
            "value": 0.0003729934400000001,
            "min": 0.0003729934400000001,
            "max": 0.00894136864,
            "count": 25
        },
        "CarDriver.Policy.GAILPolicyEstimate.mean": {
            "value": 0.27275665424633444,
            "min": 0.20330745816506723,
            "max": 0.48024098933846854,
            "count": 25
        },
        "CarDriver.Policy.GAILPolicyEstimate.sum": {
            "value": 5.182376430680354,
            "min": 3.65953424697121,
            "max": 9.120907075703144,
            "count": 25
        },
        "CarDriver.Policy.GAILExpertEstimate.mean": {
            "value": 0.7263507924058981,
            "min": 0.5596629154902917,
            "max": 0.7776450931474014,
            "count": 25
        },
        "CarDriver.Policy.GAILExpertEstimate.sum": {
            "value": 13.800665055712063,
            "min": 10.07393247882525,
            "max": 14.076278785864512,
            "count": 25
        },
        "CarDriver.Losses.GAILLoss.mean": {
            "value": 0.7361037729863534,
            "min": 0.5402864972474398,
            "max": 1.2381233081483003,
            "count": 25
        },
        "CarDriver.Losses.GAILLoss.sum": {
            "value": 13.985971686740715,
            "min": 9.725156950453917,
            "max": 23.524342854817707,
            "count": 25
        },
        "CarDriver.Policy.GAILGradMagLoss.mean": {
            "value": 0.057577811059002816,
            "min": 0.023286244729860572,
            "max": 2.638009153927366,
            "count": 25
        },
        "CarDriver.Policy.GAILGradMagLoss.sum": {
            "value": 1.0939784101210535,
            "min": 0.4424386498673509,
            "max": 47.48416477069259,
            "count": 25
        },
        "CarDriver.Losses.PretrainingLoss.mean": {
            "value": 0.6991199549527196,
            "min": 0.6991199549527196,
            "max": 0.8544551341070069,
            "count": 25
        },
        "CarDriver.Losses.PretrainingLoss.sum": {
            "value": 13.283279144101673,
            "min": 12.624002835816807,
            "max": 15.380192413926125,
            "count": 25
        },
        "CarDriver.Environment.EpisodeLength.mean": {
            "value": 1965.3636363636363,
            "min": 308.07936507936506,
            "max": 2223.0,
            "count": 25
        },
        "CarDriver.Environment.EpisodeLength.sum": {
            "value": 43238.0,
            "min": 1953.0,
            "max": 43238.0,
            "count": 25
        },
        "CarDriver.Environment.CumulativeReward.mean": {
            "value": -35.142857142857146,
            "min": -37.0,
            "max": 198.94736842105263,
            "count": 25
        },
        "CarDriver.Environment.CumulativeReward.sum": {
            "value": -738.0,
            "min": -738.0,
            "max": 10759.0,
            "count": 25
        },
        "CarDriver.Policy.ExtrinsicReward.mean": {
            "value": -35.142857142857146,
            "min": -37.0,
            "max": 198.94736842105263,
            "count": 25
        },
        "CarDriver.Policy.ExtrinsicReward.sum": {
            "value": -738.0,
            "min": -738.0,
            "max": 10759.0,
            "count": 25
        },
        "CarDriver.Policy.GailReward.mean": {
            "value": 193.66931198306736,
            "min": 54.03565832338435,
            "max": 249.39793992042542,
            "count": 25
        },
        "CarDriver.Policy.GailReward.sum": {
            "value": 4067.0555516444147,
            "min": 249.39793992042542,
            "max": 4067.0555516444147,
            "count": 25
        },
        "CarDriver.IsTraining.mean": {
            "value": 1.0,
            "min": 1.0,
            "max": 1.0,
            "count": 25
        },
        "CarDriver.IsTraining.sum": {
            "value": 1.0,
            "min": 1.0,
            "max": 1.0,
            "count": 25
        }
    },
    "metadata": {
        "timer_format_version": "0.1.0",
        "start_time_seconds": "1751211479",
        "python_version": "3.8.0 (tags/v3.8.0:fa919fd, Oct 14 2019, 19:37:50) [MSC v.1916 64 bit (AMD64)]",
        "command_line_arguments": "C:\\Users\\vanos\\OneDrive\\Desktop\\Uni Stuff\\Y3\\Redo\\Advanced Tools\\Git Project\\MLAdvancedTools\\venv\\Scripts\\mlagents-learn config/CarDriver.yaml --run-id=FullTrackImi",
        "mlagents_version": "0.29.0",
        "mlagents_envs_version": "0.29.0",
        "communication_protocol_version": "1.5.0",
        "pytorch_version": "2.4.1+cpu",