{
    "name": "root",
    "gauges": {
        "CarDriver.Policy.Entropy.mean": {
            "value": 1.6523433923721313,
            "min": 1.5186309814453125,
            "max": 2.1939148902893066,
            "count": 25
        },
        "CarDriver.Policy.Entropy.sum": {
            "value": 33218.7109375,
            "min": 30563.7578125,
            "max": 44523.234375,
            "count": 25
        },
        "CarDriver.Step.mean": {
            "value": 499993.0,
            "min": 19936.0,
            "max": 499993.0,
            "count": 25
        },
        "CarDriver.Step.sum": {
            "value": 499993.0,
            "min": 19936.0,
            "max": 499993.0,
            "count": 25
        },
        "CarDriver.Policy.ExtrinsicValueEstimate.mean": {
            "value": -0.08098769932985306,
            "min": -4.785424709320068,
            "max": 1.4090431928634644,
            "count": 25
        },
        "CarDriver.Policy.ExtrinsicValueEstimate.sum": {
            "value": -25.75408935546875,
            "min": -1536.121337890625,
            "max": 455.1209411621094,
            "count": 25
        },
        "CarDriver.Policy.GailValueEstimate.mean": {
            "value": 0.6337507963180542,
            "min": 0.29305195808410645,
            "max": 0.6504244208335876,
            "count": 25
        },
        "CarDriver.Policy.GailValueEstimate.sum": {
            "value": 201.53274536132812,
            "min": 95.53494262695312,
            "max": 204.88369750976562,
            "count": 25
        },
        "CarDriver.Environment.EpisodeLength.mean": {
            "value": 4332.666666666667,
            "min": 633.6842105263158,
            "max": 4999.0,
            "count": 25
        },
        "CarDriver.Environment.EpisodeLength.sum": {
            "value": 25996.0,
            "min": 4700.0,
            "max": 38599.0,
            "count": 25
        },
        "CarDriver.Environment.CumulativeReward.mean": {
            "value": -10.124072474767067,
            "min": -106.21384387752042,
            "max": 28.949598328210413,
            "count": 25
        },
        "CarDriver.Environment.CumulativeReward.sum": {
            "value": -60.744434848602396,
            "min": -1016.9575237208046,
            "max": 384.4509372934699,
            "count": 25
        },
        "CarDriver.Policy.ExtrinsicReward.mean": {
            "value": -10.124072474767067,
            "min": -106.21384387752042,
            "max": 28.949598328210413,
            "count": 25
        },
        "CarDriver.Policy.ExtrinsicReward.sum": {
            "value": -60.744434848602396,
            "min": -1016.9575237208046,
            "max": 384.4509372934699,
            "count": 25
        },
        "CarDriver.Policy.GailReward.mean": {
            "value": 27.248739558272064,
            "min": 3.54703272362663,
            "max": 31.83873845404014,
            "count": 25
        },
        "CarDriver.Policy.GailReward.sum": {
            "value": 163.49243734963238,
            "min": 36.57685680128634,
            "max": 241.1222233083099,
            "count": 25
        },
        "CarDriver.Losses.PolicyLoss.mean": {
            "value": 0.04506294398462367,
            "min": 0.040962133561455026,
            "max": 0.05071600041691246,
            "count": 25
        },
        "CarDriver.Losses.PolicyLoss.sum": {
            "value": 0.8561959357078497,
            "min": 0.7373184041061904,
            "max": 0.9636040079213367,
            "count": 25
        },
        "CarDriver.Losses.ValueLoss.mean": {
            "value": 0.2727556573553828,
            "min": 0.03624192833753855,
            "max": 1.3057247064662754,
            "count": 25
        },
        "CarDriver.Losses.ValueLoss.sum": {
            "value": 5.182357489752273,
            "min": 0.6523547100756939,
            "max": 23.503044716392957,
            "count": 25
        },
        "CarDriver.Policy.LearningRate.mean": {
            "value": 6.005940103315787e-06,
            "min": 6.005940103315787e-06,
            "max": 0.00029358211978635284,
            "count": 25
        },
        "CarDriver.Policy.LearningRate.sum": {
            "value": 0.00011411286196299995,
            "min": 0.00011411286196299995,
            "max": 0.0051301825899391995,
            "count": 25
        },
        "CarDriver.Policy.Epsilon.mean": {
            "value": 0.10200194736842105,
            "min": 0.10200194736842105,
            "max": 0.19786070588235294,
            "count": 25
        },
        "CarDriver.Policy.Epsilon.sum": {
            "value": 1.938037,
            "min": 1.907789,
            "max": 3.6100608000000003,
            "count": 25
        },
        "CarDriver.Policy.Beta.mean": {
            "value": 1.9809542105263158e-05,
            "min": 1.9809542105263158e-05,
            "max": 0.0004895174588235295,
            "count": 25
        },
        "CarDriver.Policy.Beta.sum": {
            "value": 0.0003763813,
            "min": 0.0003763813,
            "max": 0.00856929792,
            "count": 25
        },
        "CarDriver.Policy.GAILPolicyEstimate.mean": {
            "value": 0.4572415655119377,
            "min": 0.2451625762409286,
            "max": 0.505594785248532,
            "count": 25
        },
        "CarDriver.Policy.GAILPolicyEstimate.sum": {
            "value": 8.687589744726816,
            "min": 4.6136735267937174,
            "max": 8.945199228823187,
            "count": 25
        },
        "CarDriver.Policy.GAILExpertEstimate.mean": {
            "value": 0.5427657296521622,
            "min": 0.5265871590951032,
            "max": 0.7910376606618656,
            "count": 25
        },
        "CarDriver.Policy.GAILExpertEstimate.sum": {
            "value": 10.312548863391081,
            "min": 9.57756321132183,
            "max": 14.467205172777174,
            "count": 25
        },
        "CarDriver.Losses.GAILLoss.mean": {
            "value": 1.2587761675056657,
            "min": 0.6022555207212766,
            "max": 1.3058877461834957,
            "count": 25
        },
        "CarDriver.Losses.GAILLoss.sum": {
            "value": 23.916747182607647,
            "min": 11.442854893704256,
            "max": 24.81186717748642,
            "count": 25
        },
        "CarDriver.Policy.GAILGradMagLoss.mean": {
            "value": 0.012757159377399243,
            "min": 0.011171541252304195,
            "max": 2.484202560563298,
            "count": 25
        },
        "CarDriver.Policy.GAILGradMagLoss.sum": {
            "value": 0.2423860281705856,
            "min": 0.2052932498045266,
            "max": 42.23144352957606,
            "count": 25
        },
        "CarDriver.Losses.PretrainingLoss.mean": {
            "value": 0.812523030398185,
            "min": 0.812523030398185,
            "max": 1.0580458847203649,
            "count": 25
        },
        "CarDriver.Losses.PretrainingLoss.sum": {
            "value": 15.437937577565513,
            "min": 14.874400385788508,
            "max": 20.10287180968693,
            "count": 25
        },
        "CarDriver.IsTraining.mean": {
            "value": 1.0,
            "min": 1.0,
            "max": 1.0,
            "count": 25
        },
        "CarDriver.IsTraining.sum": {
            "value": 1.0,
            "min": 1.0,
            "max": 1.0,
            "count": 25
        }
    },
    "metadata": {
        "timer_format_version": "0.1.0",
        "start_time_seconds": "1751226957",
        "python_version": "3.8.0 (tags/v3.8.0:fa919fd, Oct 14 2019, 19:37:50) [MSC v.1916 64 bit (AMD64)]",
        "command_line_arguments": "C:\\Users\\vanos\\OneDrive\\Desktop\\Uni Stuff\\Y3\\Redo\\Advanced Tools\\Git Project\\MLAdvancedTools\\venv\\Scripts\\mlagents-learn config/CarDriver.yaml --run-id=FinalTestWithImi2",
        "mlagents_version": "0.29.0",
        "mlagents_envs_version": "0.29.0",