{
    "name": "root",
    "gauges": {
        "CarDriver.Policy.Entropy.mean": {
            "value": 2.159519672393799,
            "min": 2.156162977218628,
            "max": 2.1965408325195312,
            "count": 10
        },
        "CarDriver.Policy.Entropy.sum": {
            "value": 107751.390625,
            "min": 107751.390625,
            "max": 110231.203125,
            "count": 10
        },
        "CarDriver.Step.mean": {
            "value": 499947.0,
            "min": 49992.0,
            "max": 499947.0,
            "count": 10
        },
        "CarDriver.Step.sum": {
            "value": 499947.0,
            "min": 49992.0,
            "max": 499947.0,
            "count": 10
        },
        "CarDriver.Policy.ExtrinsicValueEstimate.mean": {
            "value": -1.2113093137741089,
            "min": -2.1283812522888184,
            "max": -0.21738027036190033,
            "count": 10
        },
        "CarDriver.Policy.ExtrinsicValueEstimate.sum": {
            "value": -955.7230224609375,
            "min": -1679.2928466796875,
            "max": -171.51303100585938,
            "count": 10
        },
        "CarDriver.Losses.PolicyLoss.mean": {
            "value": 0.025005671445590755,
            "min": 0.02040067365858704,
            "max": 0.02678443745865176,
            "count": 10
        },
        "CarDriver.Losses.PolicyLoss.sum": {
            "value": 0.12502835722795377,
            "min": 0.0990254798787646,
            "max": 0.1339221872932588,
            "count": 10
        },
        "CarDriver.Losses.ValueLoss.mean": {
            "value": 0.12260898344218732,
            "min": 0.12260898344218732,
            "max": 0.5647251728177071,
            "count": 10
        },
        "CarDriver.Losses.ValueLoss.sum": {
            "value": 0.6130449172109366,
            "min": 0.6130449172109366,
            "max": 2.823625864088535,
            "count": 10
        },
        "CarDriver.Policy.LearningRate.mean": {
            "value": 1.3471895509400002e-05,
            "min": 1.3471895509400002e-05,
            "max": 0.000284448005184,
            "count": 10
        },
        "CarDriver.Policy.LearningRate.sum": {
            "value": 6.735947754700001e-05,
            "min": 6.735947754700001e-05,
            "max": 0.0012820632726455998,
            "count": 10
        },
        "CarDriver.Policy.Epsilon.mean": {
            "value": 0.10449059999999999,
            "min": 0.10449059999999999,
            "max": 0.19481599999999996,
            "count": 10
        },
        "CarDriver.Policy.Epsilon.sum": {
            "value": 0.522453,
            "min": 0.522453,
            "max": 0.9273544,
            "count": 10
        },
        "CarDriver.Policy.Beta.mean": {
            "value": 0.00023408094000000007,
            "min": 0.00023408094000000007,
            "max": 0.004741318400000001,
            "count": 10
        },
        "CarDriver.Policy.Beta.sum": {
            "value": 0.0011704047000000003,
            "min": 0.0011704047000000003,
            "max": 0.021374984559999997,
            "count": 10
        },
        "CarDriver.Environment.EpisodeLength.mean": {
            "value": 4999.0,
            "min": 4598.777777777777,
            "max": 4999.0,
            "count": 10
        },
        "CarDriver.Environment.EpisodeLength.sum": {
            "value": 44991.0,
            "min": 41389.0,
            "max": 74985.0,
            "count": 10
        },
        "CarDriver.Environment.CumulativeReward.mean": {
            "value": -50.666666666666664,
            "min": -143.44444444444446,
            "max": -50.666666666666664,
            "count": 10
        },
        "CarDriver.Environment.CumulativeReward.sum": {
            "value": -456.0,
            "min": -1291.0,
            "max": -456.0,
            "count": 10
        },
        "CarDriver.Policy.ExtrinsicReward.mean": {
            "value": -50.666666666666664,
            "min": -143.44444444444446,
            "max": -50.666666666666664,
            "count": 10
        },
        "CarDriver.Policy.ExtrinsicReward.sum": {
            "value": -456.0,
            "min": -1291.0,
            "max": -456.0,
            "count": 10
        },
        "CarDriver.IsTraining.mean": {
            "value": 1.0,
            "min": 1.0,
            "max": 1.0,
            "count": 10
        },
        "CarDriver.IsTraining.sum": {
            "value": 1.0,
            "min": 1.0,
            "max": 1.0,
            "count": 10
        }
    },
    "metadata": {
        "timer_format_version": "0.1.0",
        "start_time_seconds": "1751210494",
        "python_version": "3.8.0 (tags/v3.8.0:fa919fd, Oct 14 2019, 19:37:50) [MSC v.1916 64 bit (AMD64)]",
        "command_line_arguments": "C:\\Users\\vanos\\OneDrive\\Desktop\\Uni Stuff\\Y3\\Redo\\Advanced Tools\\Git Project\\MLAdvancedTools\\venv\\Scripts\\mlagents-learn --run-id=FullTrackNoImi1",
        "mlagents_version": "0.29.0",
        "mlagents_envs_version": "0.29.0",
        "communication_protocol_version": "1.5.0",
        "pytorch_version": "2.4.1+cpu",
        "numpy_version": "1.21.2",
        "end_time_seconds": "1751210960"
    },
    "total": 466.09440900000004,
    "count": 1,
    "self": 0.017641100000105325,
    "children": {
        "run_training.setup": {
            "total": 0.11735580000000034,
            "count": 1,
            "self": 0.11735580000000034
        },
        "TrainerController.start_learning": {
            "total": 465.95941209999995,
            "count": 1,
            "self": 1.0714059999997971,
            "children": {
                "TrainerController._reset_env": {
                    "total": 17.8301695,
                    "count": 1,
                    "self": 17.8301695
                },
                "TrainerController.advance": {
                    "total": 446.9917308000002,
                    "count": 55576,
                    "self": 1.108007199992528,
                    "children": {
                        "env_step": {
                            "total": 313.84031290000144,
                            "count": 55576,
                            "self": 238.82541220000326,
                            "children": {
                                "SubprocessEnvManager._take_step": {
                                    "total": 74.2814600000007,
                                    "count": 55576,
                                    "self": 2.7284149000076923,
                                    "children": {
                                        "TorchPolicy.evaluate": {
                                            "total": 71.55304509999301,
                                            "count": 55576,
                                            "self": 15.90488229999768,
                                            "children": {
                                                "TorchPolicy.sample_actions": {
                                                    "total": 55.64816279999533,
                                                    "count": 55576,
                                                    "self": 55.64816279999533
                                                }
                                            }
                                        }
                                    }
                                },
                                "workers": {
                                    "total": 0.7334406999974803,
                                    "count": 55576,
                                    "self": 0.0,
                                    "children": {
                                        "worker_root": {
                                            "total": 447.51899409999896,
                                            "count": 55576,
                                            "is_parallel": true,