{
    "name": "root",
    "gauges": {
        "CarDriver.Policy.Entropy.mean": {
            "value": 3.7842328548431396,
            "min": 3.7842328548431396,
            "max": 3.7842328548431396,
            "count": 1
        },
        "CarDriver.Policy.Entropy.sum": {
            "value": 76290.1328125,
            "min": 76290.1328125,
            "max": 76290.1328125,
            "count": 1
        },
        "CarDriver.Step.mean": {
            "value": 19968.0,
            "min": 19968.0,
            "max": 19968.0,
            "count": 1
        },
        "CarDriver.Step.sum": {
            "value": 19968.0,
            "min": 19968.0,
            "max": 19968.0,
            "count": 1
        },
        "CarDriver.Policy.ExtrinsicValueEstimate.mean": {
            "value": -0.12935887277126312,
            "min": -0.12935887277126312,
            "max": -0.12935887277126312,
            "count": 1
        },
        "CarDriver.Policy.ExtrinsicValueEstimate.sum": {
            "value": -40.35997009277344,
            "min": -40.35997009277344,
            "max": -40.35997009277344,
            "count": 1
        },
        "CarDriver.Policy.GailValueEstimate.mean": {
            "value": 11.775321960449219,
            "min": 11.775321960449219,
            "max": 11.775321960449219,
            "count": 1
        },
        "CarDriver.Policy.GailValueEstimate.sum": {
            "value": 3673.900390625,
            "min": 3673.900390625,
            "max": 3673.900390625,
            "count": 1
        },
        "CarDriver.Losses.PolicyLoss.mean": {
            "value": 0.04110104433327381,
            "min": 0.04110104433327381,
            "max": 0.04110104433327381,
            "count": 1
        },
        "CarDriver.Losses.PolicyLoss.sum": {
            "value": 0.5754146206658333,
            "min": 0.5754146206658333,
            "max": 0.5754146206658333,
            "count": 1
        },
        "CarDriver.Losses.ValueLoss.mean": {
            "value": 16.52509571313858,
            "min": 16.52509571313858,
            "max": 16.52509571313858,
            "count": 1
        },
        "CarDriver.Losses.ValueLoss.sum": {
            "value": 231.35133998394014,
            "min": 231.35133998394014,
            "max": 231.35133998394014,
            "count": 1
        },
        "CarDriver.Policy.LearningRate.mean": {
            "value": 0.00023952002015999998,
            "min": 0.00023952002015999998,
            "max": 0.00023952002015999998,
            "count": 1
        },
        "CarDriver.Policy.LearningRate.sum": {
            "value": 0.0033532802822399998,
            "min": 0.0033532802822399998,
            "max": 0.0033532802822399998,
            "count": 1
        },
        "CarDriver.Policy.Epsilon.mean": {
            "value": 0.17984,
            "min": 0.17984,
            "max": 0.17984,
            "count": 1
        },
        "CarDriver.Policy.Epsilon.sum": {
            "value": 2.51776,
            "min": 2.51776,
            "max": 2.51776,
            "count": 1
        },
        "CarDriver.Policy.Beta.mean": {
            "value": 0.000401216,
            "min": 0.000401216,
            "max": 0.000401216,
            "count": 1
        },
        "CarDriver.Policy.Beta.sum": {
            "value": 0.005617024,
            "min": 0.005617024,
            "max": 0.005617024,
            "count": 1
        },
        "CarDriver.Policy.GAILPolicyEstimate.mean": {
            "value": 0.4772067891699927,
            "min": 0.4772067891699927,
            "max": 0.4772067891699927,
            "count": 1
        },
        "CarDriver.Policy.GAILPolicyEstimate.sum": {
            "value": 6.680895048379898,
            "min": 6.680895048379898,
            "max": 6.680895048379898,
            "count": 1
        },
        "CarDriver.Policy.GAILExpertEstimate.mean": {
            "value": 0.4790290122940427,
            "min": 0.4790290122940427,
            "max": 0.4790290122940427,
            "count": 1
        },
        "CarDriver.Policy.GAILExpertEstimate.sum": {
            "value": 6.706406172116598,
            "min": 6.706406172116598,
            "max": 6.706406172116598,
            "count": 1
        },
        "CarDriver.Losses.GAILLoss.mean": {
            "value": 1.4318192896388824,
            "min": 1.4318192896388824,
            "max": 1.4318192896388824,
            "count": 1
        },
        "CarDriver.Losses.GAILLoss.sum": {
            "value": 20.045470054944353,
            "min": 20.045470054944353,
            "max": 20.045470054944353,
            "count": 1
        },
        "CarDriver.Policy.GAILGradMagLoss.mean": {
            "value": 2.661554272330943,
            "min": 2.661554272330943,
            "max": 2.661554272330943,
            "count": 1
        },
        "CarDriver.Policy.GAILGradMagLoss.sum": {
            "value": 37.2617598126332,
            "min": 37.2617598126332,
            "max": 37.2617598126332,
            "count": 1
        },
        "CarDriver.Losses.PretrainingLoss.mean": {
            "value": 0.7086102100355284,
            "min": 0.7086102100355284,
            "max": 0.7086102100355284,
            "count": 1
        },
        "CarDriver.Losses.PretrainingLoss.sum": {
            "value": 9.920542940497397,
            "min": 9.920542940497397,
            "max": 9.920542940497397,
            "count": 1
        },
        "CarDriver.IsTraining.mean": {
            "value": 1.0,
            "min": 1.0,
            "max": 1.0,
            "count": 1
        },
        "CarDriver.IsTraining.sum": {
            "value": 1.0,
            "min": 1.0,
            "max": 1.0,
            "count": 1
        }
    },
    "metadata": {
        "timer_format_version": "0.1.0",
        "start_time_seconds": "1751172323",
        "python_version": "3.8.0 (tags/v3.8.0:fa919fd, Oct 14 2019, 19:37:50) [MSC v.1916 64 bit (AMD64)]",
        "command_line_arguments": "C:\\Users\\vanos\\OneDrive\\Desktop\\Uni Stuff\\Y3\\Redo\\Advanced Tools\\Git Project\\MLAdvancedTools\\venv\\Scripts\\mlagents-learn config/CarDriver.yaml --run-id=FinalImitation",
        "mlagents_version": "0.29.0",
        "mlagents_envs_version": "0.29.0",
        "communication_protocol_version": "1.5.0",
        "pytorch_version": "2.4.1+cpu",
        "numpy_version": "1.21.2",
        "end_time_seconds": "1751172408"
    },
    "total": 85.01759100000001,
    "count": 1,
    "self": 10.016105700000011,
    "children": {
        "run_training.setup": {
            "total": 0.12203279999999994,
            "count": 1,
            "self": 0.12203279999999994
        },
        "TrainerController.start_learning": {
            "total": 74.8794525,
            "count": 1,
            "self": 0.0714448000000516,
            "children": {
                "TrainerController._reset_env": {
                    "total": 11.0291268,
                    "count": 1,
                    "self": 10.1330604,
                    "children": {
                        "demo_to_buffer": {
                            "total": 0.8960664000000005,
                            "count": 2,
                            "self": 7.880000000248799e-05,
                            "children": {
                                "load_demonstration": {
                                    "total": 0.010127599999998793,
                                    "count": 2,
                                    "self": 0.009887799999999558,
                                    "children": {
                                        "read_file": {
                                            "total": 0.00023979999999923507,
                                            "count": 2,
                                            "self": 0.00023979999999923507
                                        }
                                    }
                                },