{
    "name": "root",
    "gauges": {
        "CarDriver.Policy.Entropy.mean": {
            "value": 4.256687641143799,
            "min": 4.205765247344971,
            "max": 4.269374370574951,
            "count": 10
        },
        "CarDriver.Policy.Entropy.sum": {
            "value": 212834.390625,
            "min": 210456.484375,
            "max": 213720.671875,
            "count": 10
        },
        "CarDriver.Step.mean": {
            "value": 499991.0,
            "min": 49952.0,
            "max": 499991.0,
            "count": 10
        },
        "CarDriver.Step.sum": {
            "value": 499991.0,
            "min": 49952.0,
            "max": 499991.0,
            "count": 10
        },
        "CarDriver.Policy.ExtrinsicValueEstimate.mean": {
            "value": 0.04398374632000923,
            "min": -0.08330713957548141,
            "max": 0.07352417707443237,
            "count": 10
        },
        "CarDriver.Policy.ExtrinsicValueEstimate.sum": {
            "value": 34.61520767211914,
            "min": -65.2294921875,
            "max": 57.79000473022461,
            "count": 10
        },
        "CarDriver.Losses.PolicyLoss.mean": {
            "value": 0.02439953188188762,
            "min": 0.02132269840361308,
            "max": 0.024856630349131593,
            "count": 10
        },
        "CarDriver.Losses.PolicyLoss.sum": {
            "value": 0.1219976594094381,
            "min": 0.09629912528228791,
            "max": 0.1219976594094381,
            "count": 10
        },
        "CarDriver.Losses.ValueLoss.mean": {
            "value": 0.0215842015730838,
            "min": 0.01659784438709418,
            "max": 0.022136368850866957,
            "count": 10
        },
        "CarDriver.Losses.ValueLoss.sum": {
            "value": 0.107921007865419,
            "min": 0.07163507739702861,
            "max": 0.11068184425433478,
            "count": 10
        },
        "CarDriver.Policy.LearningRate.mean": {
            "value": 1.4031095323000002e-05,
            "min": 1.4031095323000002e-05,
            "max": 0.00028392000536,
            "count": 10
        },
        "CarDriver.Policy.LearningRate.sum": {
            "value": 7.015547661500001e-05,
            "min": 7.015547661500001e-05,
            "max": 0.0012756012747996,
            "count": 10
        },
        "CarDriver.Policy.Epsilon.mean": {
            "value": 0.10467700000000002,
            "min": 0.10467700000000002,
            "max": 0.19463999999999998,
            "count": 10
        },
        "CarDriver.Policy.Epsilon.sum": {
            "value": 0.5233850000000001,
            "min": 0.5233850000000001,
            "max": 0.9252003999999999,
            "count": 10
        },
        "CarDriver.Policy.Beta.mean": {
            "value": 0.0002433823,
            "min": 0.0002433823,
            "max": 0.004732536000000001,
            "count": 10
        },
        "CarDriver.Policy.Beta.sum": {
            "value": 0.0012169115,
            "min": 0.0012169115,
            "max": 0.021267499960000005,
            "count": 10
        },
        "CarDriver.Environment.EpisodeLength.mean": {
            "value": 3416.3333333333335,
            "min": 3064.375,
            "max": 3499.0,
            "count": 10
        },
        "CarDriver.Environment.EpisodeLength.sum": {
            "value": 51245.0,
            "min": 27992.0,
            "max": 55543.0,
            "count": 10
        },
        "CarDriver.Environment.CumulativeReward.mean": {
            "value": 0.26666666666666666,
            "min": 0.26666666666666666,
            "max": 2.5,
            "count": 10
        },
        "CarDriver.Environment.CumulativeReward.sum": {
            "value": 4.0,
            "min": 4.0,
            "max": 40.0,
            "count": 10
        },
        "CarDriver.Policy.ExtrinsicReward.mean": {
            "value": 0.26666666666666666,
            "min": 0.26666666666666666,
            "max": 2.5,
            "count": 10
        },
        "CarDriver.Policy.ExtrinsicReward.sum": {
            "value": 4.0,
            "min": 4.0,
            "max": 40.0,
            "count": 10
        },
        "CarDriver.IsTraining.mean": {
            "value": 1.0,
            "min": 1.0,
            "max": 1.0,
            "count": 10
        },
        "CarDriver.IsTraining.sum": {
            "value": 1.0,
            "min": 1.0,
            "max": 1.0,
            "count": 10
        }
    },
    "metadata": {
        "timer_format_version": "0.1.0",
        "start_time_seconds": "1751129415",
        "python_version": "3.8.0 (tags/v3.8.0:fa919fd, Oct 14 2019, 19:37:50) [MSC v.1916 64 bit (AMD64)]",
        "command_line_arguments": "C:\\Users\\vanos\\OneDrive\\Desktop\\Uni Stuff\\Y3\\Redo\\Advanced Tools\\Git Project\\MLAdvancedTools\\venv\\Scripts\\mlagents-learn --run-id=FixedTest6",
        "mlagents_version": "0.29.0",
        "mlagents_envs_version": "0.29.0",
        "communication_protocol_version": "1.5.0",
        "pytorch_version": "2.4.1+cpu",
        "numpy_version": "1.21.2",
        "end_time_seconds": "1751129988"
    },
    "total": 573.3903467,
    "count": 1,
    "self": 0.017652300000008836,
    "children": {
        "run_training.setup": {
            "total": 0.12099690000000018,
            "count": 1,
            "self": 0.12099690000000018
        },
        "TrainerController.start_learning": {
            "total": 573.2516975,
            "count": 1,
            "self": 1.1314206000068907,
            "children": {
                "TrainerController._reset_env": {
                    "total": 46.6206134,
                    "count": 1,
                    "self": 46.6206134
                },
                "TrainerController.advance": {
                    "total": 525.406843999993,
                    "count": 62533,
                    "self": 1.1080645000045024,
                    "children": {
                        "env_step": {
                            "total": 372.4099109999894,
                            "count": 62533,
                            "self": 240.84989199998452,
                            "children": {
                                "SubprocessEnvManager._take_step": {
                                    "total": 130.7931029000023,
                                    "count": 62533,
                                    "self": 2.912910899997371,
                                    "children": {
                                        "TorchPolicy.evaluate": {
                                            "total": 127.88019200000494,
                                            "count": 62533,
                                            "self": 17.54861490000087,
                                            "children": {
                                                "TorchPolicy.sample_actions": {
                                                    "total": 110.33157710000407,
                                                    "count": 62533,
                                                    "self": 110.33157710000407
                                                }
                                            }
                                        }
                                    }
                                },
                                "workers": {
                                    "total": 0.7669161000025682,
                                    "count": 62533,
                                    "self": 0.0,
                                    "children": {
                                        "worker_root": {
                                            "total": 525.5528846000109,
                                            "count": 62533,
                                            "is_parallel": true,
                                            "self": 346.06156370000906,