{
    "name": "root",
    "gauges": {
        "CarDriver.Policy.Entropy.mean": {
            "value": 4.082007884979248,
            "min": 4.082007884979248,
            "max": 4.242460250854492,
            "count": 4
        },
        "CarDriver.Policy.Entropy.sum": {
            "value": 204173.859375,
            "min": 204173.859375,
            "max": 212250.296875,
            "count": 4
        },
        "CarDriver.Step.mean": {
            "value": 199987.0,
            "min": 49966.0,
            "max": 199987.0,
            "count": 4
        },
        "CarDriver.Step.sum": {
            "value": 199987.0,
            "min": 49966.0,
            "max": 199987.0,
            "count": 4
        },
        "CarDriver.Policy.ExtrinsicValueEstimate.mean": {
            "value": 1.3192070722579956,
            "min": 0.10332304984331131,
            "max": 1.3192070722579956,
            "count": 4
        },
        "CarDriver.Policy.ExtrinsicValueEstimate.sum": {
            "value": 1159.5830078125,
            "min": 88.96114349365234,
            "max": 1159.5830078125,
            "count": 4
        },
        "CarDriver.Environment.EpisodeLength.mean": {
            "value": 236.57142857142858,
            "min": 231.15277777777777,
            "max": 282.17045454545456,
            "count": 4
        },
        "CarDriver.Environment.EpisodeLength.sum": {
            "value": 49680.0,
            "min": 49662.0,
            "max": 49929.0,
            "count": 4
        },
        "CarDriver.Environment.CumulativeReward.mean": {
            "value": 6.204761904761905,
            "min": 5.801136363636363,
            "max": 6.204761904761905,
            "count": 4
        },
        "CarDriver.Environment.CumulativeReward.sum": {
            "value": 1303.0,
            "min": 1021.0,
            "max": 1303.0,
            "count": 4
        },
        "CarDriver.Policy.ExtrinsicReward.mean": {
            "value": 6.204761904761905,
            "min": 5.801136363636363,
            "max": 6.204761904761905,
            "count": 4
        },
        "CarDriver.Policy.ExtrinsicReward.sum": {
            "value": 1303.0,
            "min": 1021.0,
            "max": 1303.0,
            "count": 4
        },
        "CarDriver.Losses.PolicyLoss.mean": {
            "value": 0.025021441358112496,
            "min": 0.018742494075437814,
            "max": 0.025021441358112496,
            "count": 4
        },
        "CarDriver.Losses.PolicyLoss.sum": {
            "value": 0.12510720679056248,
            "min": 0.07496997630175126,
            "max": 0.12510720679056248,
            "count": 4
        },
        "CarDriver.Losses.ValueLoss.mean": {
            "value": 0.1587408486008644,
            "min": 0.1314280889928341,
            "max": 0.15956603338321051,
            "count": 4
        },
        "CarDriver.Losses.ValueLoss.sum": {
            "value": 0.793704243004322,
            "min": 0.5257123559713364,
            "max": 0.7978301669160526,
            "count": 4
        },
        "CarDriver.Policy.LearningRate.mean": {
            "value": 0.000195231034923,
            "min": 0.000195231034923,
            "max": 0.00028460985513005,
            "count": 4
        },
        "CarDriver.Policy.LearningRate.sum": {
            "value": 0.000976155174615,
            "min": 0.000976155174615,
            "max": 0.001284501071833,
            "count": 4
        },
        "CarDriver.Policy.Epsilon.mean": {
            "value": 0.16507700000000006,
            "min": 0.16507700000000006,
            "max": 0.19486995,
            "count": 4
        },
        "CarDriver.Policy.Epsilon.sum": {
            "value": 0.8253850000000003,
            "min": 0.7794798,
            "max": 0.928167,
            "count": 4
        },
        "CarDriver.Policy.Beta.mean": {
            "value": 0.0032573423000000004,
            "min": 0.0032573423000000004,
            "max": 0.004744010504999999,
            "count": 4
        },
        "CarDriver.Policy.Beta.sum": {
            "value": 0.016286711500000002,
            "min": 0.016286711500000002,
            "max": 0.0214155333,
            "count": 4
        },
        "CarDriver.IsTraining.mean": {
            "value": 1.0,
            "min": 1.0,
            "max": 1.0,
            "count": 4
        },
        "CarDriver.IsTraining.sum": {
            "value": 1.0,
            "min": 1.0,
            "max": 1.0,
            "count": 4
        }
    },
    "metadata": {
        "timer_format_version": "0.1.0",
        "start_time_seconds": "1750921146",
        "python_version": "3.8.0 (tags/v3.8.0:fa919fd, Oct 14 2019, 19:37:50) [MSC v.1916 64 bit (AMD64)]",
        "command_line_arguments": "C:\\Users\\vanos\\OneDrive\\Desktop\\Uni Stuff\\Y3\\Redo\\Advanced Tools\\Git Project\\MLAdvancedTools\\venv\\Scripts\\mlagents-learn --run-id=Test7Brain",
        "mlagents_version": "0.29.0",
        "mlagents_envs_version": "0.29.0",
        "communication_protocol_version": "1.5.0",
        "pytorch_version": "2.4.1+cpu",
        "numpy_version": "1.21.2",
        "end_time_seconds": "1750922395"
    },
    "total": 1249.210552,
    "count": 1,
    "self": 0.00915450000002238,
    "children": {
        "run_training.setup": {
            "total": 0.12715580000000015,
            "count": 1,
            "self": 0.12715580000000015
        },
        "TrainerController.start_learning": {
            "total": 1249.0742417,
            "count": 1,
            "self": 3.722852599985572,
            "children": {
                "TrainerController._reset_env": {
                    "total": 8.4260209,
                    "count": 1,
                    "self": 8.4260209
                },
                "TrainerController.advance": {
                    "total": 1236.7341770000144,
                    "count": 203817,
                    "self": 3.6429505000105564,
                    "children": {
                        "env_step": {
                            "total": 1162.662015400003,
                            "count": 203817,
                            "self": 744.4805998999796,
                            "children": {
                                "SubprocessEnvManager._take_step": {
                                    "total": 415.61539230001904,
                                    "count": 203817,
                                    "self": 9.161167399988926,
                                    "children": {
                                        "TorchPolicy.evaluate": {
                                            "total": 406.4542249000301,
                                            "count": 203817,
                                            "self": 58.464924900032656,
                                            "children": {
                                                "TorchPolicy.sample_actions": {
                                                    "total": 347.98929999999746,
                                                    "count": 203817,
                                                    "self": 347.98929999999746
                                                }
                                            }
                                        }
                                    }
                                },
                                "workers": {
                                    "total": 2.566023200004361,
                                    "count": 203816,
                                    "self": 0.0,
                                    "children": {
                                        "worker_root": {
                                            "total": 1148.1034167000016,
                                            "count": 203816,
                                            "is_parallel": true,
                                            "self": 654.7670479000253,