{
    "name": "root",
    "gauges": {
        "CarDriver.Policy.Entropy.mean": {
            "value": 1.4740831851959229,
            "min": 1.4740831851959229,
            "max": 2.1249430179595947,
            "count": 16
        },
        "CarDriver.Policy.Entropy.sum": {
            "value": 29646.76171875,
            "min": 29441.7109375,
            "max": 43127.84375,
            "count": 16
        },
        "CarDriver.Step.mean": {
            "value": 319975.0,
            "min": 19999.0,
            "max": 319975.0,
            "count": 16
        },
        "CarDriver.Step.sum": {
            "value": 319975.0,
            "min": 19999.0,
            "max": 319975.0,
            "count": 16
        },
        "CarDriver.Policy.ExtrinsicValueEstimate.mean": {
            "value": 2.146243095397949,
            "min": -0.5689122676849365,
            "max": 3.5968549251556396,
            "count": 16
        },
        "CarDriver.Policy.ExtrinsicValueEstimate.sum": {
            "value": 744.746337890625,
            "min": -183.7586669921875,
            "max": 1255.3023681640625,
            "count": 16
        },
        "CarDriver.Policy.GailValueEstimate.mean": {
            "value": 4.115217208862305,
            "min": 3.682433843612671,
            "max": 4.630451679229736,
            "count": 16
        },
        "CarDriver.Policy.GailValueEstimate.sum": {
            "value": 1427.9803466796875,
            "min": 1189.4261474609375,
            "max": 1629.9190673828125,
            "count": 16
        },
        "CarDriver.Losses.PolicyLoss.mean": {
            "value": 0.04218737057230451,
            "min": 0.03857325181659115,
            "max": 0.04683446716016828,
            "count": 16
        },
        "CarDriver.Losses.PolicyLoss.sum": {
            "value": 0.8015600408737857,
            "min": 0.6532789658004833,
            "max": 0.8898548760431974,
            "count": 16
        },
        "CarDriver.Losses.ValueLoss.mean": {
            "value": 1.6002711070734157,
            "min": 0.9256656619133773,
            "max": 2.0429741881395636,
            "count": 16
        },
        "CarDriver.Losses.ValueLoss.sum": {
            "value": 30.405151034394898,
            "min": 13.884984928700659,
            "max": 38.81650957465171,
            "count": 16
        },
        "CarDriver.Policy.LearningRate.mean": {
            "value": 0.00011417197773216841,
            "min": 0.00011417197773216841,
            "max": 0.00029316268227910666,
            "count": 16
        },
        "CarDriver.Policy.LearningRate.sum": {
            "value": 0.0021692675769111997,
            "min": 0.0021692675769111997,
            "max": 0.005354837515054199,
            "count": 16
        },
        "CarDriver.Policy.Epsilon.mean": {
            "value": 0.1380573052631579,
            "min": 0.1380573052631579,
            "max": 0.19772089333333334,
            "count": 16
        },
        "CarDriver.Policy.Epsilon.sum": {
            "value": 2.6230888,
            "min": 2.6230888,
            "max": 3.6849458000000004,
            "count": 16
        },
        "CarDriver.Policy.Beta.mean": {
            "value": 0.00019648079578947364,
            "min": 0.00019648079578947364,
            "max": 0.0004888323773333333,
            "count": 16
        },
        "CarDriver.Policy.Beta.sum": {
            "value": 0.0037331351199999994,
            "min": 0.0037331351199999994,
            "max": 0.00893623442,
            "count": 16
        },
        "CarDriver.Policy.GAILPolicyEstimate.mean": {
            "value": 0.43196250053874236,
            "min": 0.42829998164323335,
            "max": 0.5184624223797409,
            "count": 16
        },
        "CarDriver.Policy.GAILPolicyEstimate.sum": {
            "value": 8.207287510236105,
            "min": 7.7769363356961145,
            "max": 8.993158489465714,
            "count": 16
        },
        "CarDriver.Policy.GAILExpertEstimate.mean": {
            "value": 0.5715082572740421,
            "min": 0.5435684516764524,
            "max": 0.6080266234644673,
            "count": 16
        },
        "CarDriver.Policy.GAILExpertEstimate.sum": {
            "value": 10.8586568882068,
            "min": 8.754165502058134,
            "max": 11.552505845824879,
            "count": 16
        },
        "CarDriver.Losses.GAILLoss.mean": {
            "value": 1.184571715823391,
            "min": 1.1788761824892278,
            "max": 1.31490156672619,
            "count": 16
        },
        "CarDriver.Losses.GAILLoss.sum": {
            "value": 22.50686260064443,
            "min": 19.723523500892853,
            "max": 23.74312158425649,
            "count": 16
        },
        "CarDriver.Policy.GAILGradMagLoss.mean": {
            "value": 0.01777796228130332,
            "min": 0.01393739042983374,
            "max": 2.1899528829725807,
            "count": 16
        },
        "CarDriver.Policy.GAILGradMagLoss.sum": {
            "value": 0.33778128334476304,
            "min": 0.2563466564364111,
            "max": 32.84929324458871,
            "count": 16
        },
        "CarDriver.Losses.PretrainingLoss.mean": {
            "value": 0.7185817158893645,
            "min": 0.7185817158893645,
            "max": 0.9553973964083264,
            "count": 16
        },
        "CarDriver.Losses.PretrainingLoss.sum": {
            "value": 13.653052601897926,
            "min": 13.23442699720985,
            "max": 15.145000618800784,
            "count": 16
        },
        "CarDriver.Environment.EpisodeLength.mean": {
            "value": 257.94736842105266,
            "min": 209.7872340425532,
            "max": 884.7727272727273,
            "count": 16
        },
        "CarDriver.Environment.EpisodeLength.sum": {
            "value": 19604.0,
            "min": 19432.0,
            "max": 20358.0,
            "count": 16
        },
        "CarDriver.Environment.CumulativeReward.mean": {
            "value": 9.25976477014391,
            "min": -9.410632149515799,
            "max": 14.647606689434546,
            "count": 16
        },
        "CarDriver.Environment.CumulativeReward.sum": {
            "value": 703.7421225309372,
            "min": -207.03390728934755,
            "max": 1139.0968744158745,
            "count": 16
        },
        "CarDriver.Policy.ExtrinsicReward.mean": {
            "value": 9.25976477014391,
            "min": -9.410632149515799,
            "max": 14.647606689434546,
            "count": 16
        },
        "CarDriver.Policy.ExtrinsicReward.sum": {
            "value": 703.7421225309372,
            "min": -207.03390728934755,
            "max": 1139.0968744158745,
            "count": 16
        },
        "CarDriver.Policy.GailReward.mean": {
            "value": 15.899226831223228,
            "min": 14.45908532362986,
            "max": 66.76514369520274,
            "count": 16
        },
        "CarDriver.Policy.GailReward.sum": {
            "value": 1208.3412391729653,
            "min": 1194.5091287987307,
            "max": 1468.8331612944603,
            "count": 16
        },
        "CarDriver.IsTraining.mean": {
            "value": 1.0,
            "min": 1.0,
            "max": 1.0,
            "count": 16
        },
        "CarDriver.IsTraining.sum": {
            "value": 1.0,
            "min": 1.0,
            "max": 1.0,
            "count": 16
        }
    },
    "metadata": {
        "timer_format_version": "0.1.0",
        "start_time_seconds": "1751219549",
        "python_version": "3.8.0 (tags/v3.8.0:fa919fd, Oct 14 2019, 19:37:50) [MSC v.1916 64 bit (AMD64)]",
        "command_line_arguments": "C:\\Users\\vanos\\OneDrive\\Desktop\\Uni Stuff\\Y3\\Redo\\Advanced Tools\\Git Project\\MLAdvancedTools\\venv\\Scripts\\mlagents-learn --force config/CarDriver.yaml --run-id=FullTrackImi9",
        "mlagents_version": "0.29.0",