{
    "name": "root",
    "gauges": {
        "CarDriver.Policy.Entropy.mean": {
            "value": 0.8271313905715942,
            "min": 0.7564700841903687,
            "max": 1.8237884044647217,
            "count": 25
        },
        "CarDriver.Policy.Entropy.sum": {
            "value": 16570.75,
            "min": 15230.01171875,
            "max": 36997.37109375,
            "count": 25
        },
        "CarDriver.Step.mean": {
            "value": 499968.0,
            "min": 19986.0,
            "max": 499968.0,
            "count": 25
        },
        "CarDriver.Step.sum": {
            "value": 499968.0,
            "min": 19986.0,
            "max": 499968.0,
            "count": 25
        },
        "CarDriver.Policy.ExtrinsicValueEstimate.mean": {
            "value": 3.6726207733154297,
            "min": 1.8963044881820679,
            "max": 37.702178955078125,
            "count": 25
        },
        "CarDriver.Policy.ExtrinsicValueEstimate.sum": {
            "value": 1252.3636474609375,
            "min": 680.7733154296875,
            "max": 12781.0390625,
            "count": 25
        },
        "CarDriver.Policy.GailValueEstimate.mean": {
            "value": 25.154924392700195,
            "min": 12.834453582763672,
            "max": 40.93495559692383,
            "count": 25
        },
        "CarDriver.Policy.GailValueEstimate.sum": {
            "value": 8577.8291015625,
            "min": 4376.548828125,
            "max": 13754.14453125,
            "count": 25
        },
        "CarDriver.Losses.PolicyLoss.mean": {
            "value": 0.03866271812289038,
            "min": 0.03828157539573384,
            "max": 0.047327174843909844,
            "count": 25
        },
        "CarDriver.Losses.PolicyLoss.sum": {
            "value": 0.7345916443349172,
            "min": 0.727349932518943,
            "max": 0.899216322034287,
            "count": 25
        },
        "CarDriver.Losses.ValueLoss.mean": {
            "value": 42.92761243435374,
            "min": 18.382466755415265,
            "max": 104.89162595648513,
            "count": 25
        },
        "CarDriver.Losses.ValueLoss.sum": {
            "value": 815.6246362527211,
            "min": 349.26686835289,
            "max": 1992.9408931732175,
            "count": 25
        },
        "CarDriver.Policy.LearningRate.mean": {
            "value": 6.08504534010526e-06,
            "min": 6.08504534010526e-06,
            "max": 0.0002937751687416111,
            "count": 25
        },
        "CarDriver.Policy.LearningRate.sum": {
            "value": 0.00011561586146199994,
            "min": 0.00011561586146199994,
            "max": 0.0053569153143615995,
            "count": 25
        },
        "CarDriver.Policy.Epsilon.mean": {
            "value": 0.1020283157894737,
            "min": 0.1020283157894737,
            "max": 0.19792505555555556,
            "count": 25
        },
        "CarDriver.Policy.Epsilon.sum": {
            "value": 1.9385380000000003,
            "min": 1.9385380000000003,
            "max": 3.6856384000000006,
            "count": 25
        },
        "CarDriver.Policy.Beta.mean": {
            "value": 1.9938747368421047e-05,
            "min": 1.9938747368421047e-05,
            "max": 0.0004898327722222223,
            "count": 25
        },
        "CarDriver.Policy.Beta.sum": {
            "value": 0.0003788361999999999,
            "min": 0.0003788361999999999,
            "max": 0.008939628160000001,
            "count": 25
        },
        "CarDriver.Policy.GAILPolicyEstimate.mean": {
            "value": 0.22640188489305346,
            "min": 0.20528007520918262,
            "max": 0.47795258765971216,
            "count": 25
        },
        "CarDriver.Policy.GAILPolicyEstimate.sum": {
            "value": 4.301635812968016,
            "min": 3.9003214289744697,
            "max": 9.060420617461205,
            "count": 25
        },
        "CarDriver.Policy.GAILExpertEstimate.mean": {
            "value": 0.7503944172670967,
            "min": 0.5532002029595552,
            "max": 0.7737337633183128,
            "count": 25
        },
        "CarDriver.Policy.GAILExpertEstimate.sum": {
            "value": 14.257493928074837,
            "min": 9.957603653271994,
            "max": 14.700941503047943,
            "count": 25
        },
        "CarDriver.Losses.GAILLoss.mean": {
            "value": 0.6376904089722718,
            "min": 0.5592178035723536,
            "max": 1.2794100294510524,
            "count": 25
        },
        "CarDriver.Losses.GAILLoss.sum": {
            "value": 12.116117770473164,
            "min": 10.62513826787472,
            "max": 23.595952292283375,
            "count": 25
        },
        "CarDriver.Policy.GAILGradMagLoss.mean": {
            "value": 0.06593904688366149,
            "min": 0.023322301009964,
            "max": 2.6896243903578987,
            "count": 25
        },
        "CarDriver.Policy.GAILGradMagLoss.sum": {
            "value": 1.2528418907895684,
            "min": 0.443123719189316,
            "max": 48.41323902644218,
            "count": 25
        },
        "CarDriver.Losses.PretrainingLoss.mean": {
            "value": 0.6543778286517016,
            "min": 0.6543778286517016,
            "max": 0.8208010057792252,
            "count": 25
        },
        "CarDriver.Losses.PretrainingLoss.sum": {
            "value": 12.43317874438233,
            "min": 11.886562782857155,
            "max": 14.774418104026054,
            "count": 25
        },
        "CarDriver.Environment.EpisodeLength.mean": {
            "value": 559.6792452830189,
            "min": 301.741935483871,
            "max": 1411.0833333333333,
            "count": 25
        },
        "CarDriver.Environment.EpisodeLength.sum": {
            "value": 29663.0,
            "min": 13394.0,
            "max": 29663.0,
            "count": 25
        },
        "CarDriver.Environment.CumulativeReward.mean": {
            "value": -18.22641509433962,
            "min": -32.52808988764045,
            "max": 201.58,
            "count": 25
        },
        "CarDriver.Environment.CumulativeReward.sum": {
            "value": -966.0,
            "min": -2895.0,
            "max": 11610.0,
            "count": 25
        },
        "CarDriver.Policy.ExtrinsicReward.mean": {
            "value": -18.22641509433962,
            "min": -32.52808988764045,
            "max": 201.58,
            "count": 25
        },
        "CarDriver.Policy.ExtrinsicReward.sum": {
            "value": -966.0,
            "min": -2895.0,
            "max": 11610.0,
            "count": 25
        },
        "CarDriver.Policy.GailReward.mean": {
            "value": 147.2743292583838,
            "min": 86.30597392143159,
            "max": 476.0277117873193,
            "count": 25
        },
        "CarDriver.Policy.GailReward.sum": {
            "value": 7805.539450694341,
            "min": 2844.920144252479,
            "max": 10911.99115049839,
            "count": 25
        },
        "CarDriver.IsTraining.mean": {
            "value": 1.0,
            "min": 1.0,
            "max": 1.0,
            "count": 25
        },
        "CarDriver.IsTraining.sum": {
            "value": 1.0,
            "min": 1.0,
            "max": 1.0,
            "count": 25
        }
    },
    "metadata": {
        "timer_format_version": "0.1.0",
        "start_time_seconds": "1751212938",
        "python_version": "3.8.0 (tags/v3.8.0:fa919fd, Oct 14 2019, 19:37:50) [MSC v.1916 64 bit (AMD64)]",
        "command_line_arguments": "C:\\Users\\vanos\\OneDrive\\Desktop\\Uni Stuff\\Y3\\Redo\\Advanced Tools\\Git Project\\MLAdvancedTools\\venv\\Scripts\\mlagents-learn config/CarDriver.yaml --run-id=FullTrackImi3",
        "mlagents_version": "0.29.0",
        "mlagents_envs_version": "0.29.0",
        "communication_protocol_version": "1.5.0",