{
    "name": "root",
    "gauges": {
        "CarDriver.Policy.Entropy.mean": {
            "value": 3.9448883533477783,
            "min": 3.9448883533477783,
            "max": 4.270256042480469,
            "count": 10
        },
        "CarDriver.Policy.Entropy.sum": {
            "value": 197212.859375,
            "min": 197212.859375,
            "max": 213538.421875,
            "count": 10
        },
        "CarDriver.Step.mean": {
            "value": 499949.0,
            "min": 49942.0,
            "max": 499949.0,
            "count": 10
        },
        "CarDriver.Step.sum": {
            "value": 499949.0,
            "min": 49942.0,
            "max": 499949.0,
            "count": 10
        },
        "CarDriver.Policy.ExtrinsicValueEstimate.mean": {
            "value": 1.5798648595809937,
            "min": 0.36141371726989746,
            "max": 1.6053513288497925,
            "count": 10
        },
        "CarDriver.Policy.ExtrinsicValueEstimate.sum": {
            "value": 1387.121337890625,
            "min": 309.00872802734375,
            "max": 1407.89306640625,
            "count": 10
        },
        "CarDriver.Environment.EpisodeLength.mean": {
            "value": 221.18666666666667,
            "min": 221.1288888888889,
            "max": 344.0416666666667,
            "count": 10
        },
        "CarDriver.Environment.EpisodeLength.sum": {
            "value": 49767.0,
            "min": 49542.0,
            "max": 50042.0,
            "count": 10
        },
        "CarDriver.Environment.CumulativeReward.mean": {
            "value": 6.373333333333333,
            "min": 5.589743589743589,
            "max": 6.8099547511312215,
            "count": 10
        },
        "CarDriver.Environment.CumulativeReward.sum": {
            "value": 1434.0,
            "min": 860.0,
            "max": 1505.0,
            "count": 10
        },
        "CarDriver.Policy.ExtrinsicReward.mean": {
            "value": 6.373333333333333,
            "min": 5.589743589743589,
            "max": 6.8099547511312215,
            "count": 10
        },
        "CarDriver.Policy.ExtrinsicReward.sum": {
            "value": 1434.0,
            "min": 860.0,
            "max": 1505.0,
            "count": 10
        },
        "CarDriver.Losses.PolicyLoss.mean": {
            "value": 0.02477342862286605,
            "min": 0.02258996699199391,
            "max": 0.028543952240458262,
            "count": 10
        },
        "CarDriver.Losses.PolicyLoss.sum": {
            "value": 0.12386714311433025,
            "min": 0.09145506981258222,
            "max": 0.1300687927743032,
            "count": 10
        },
        "CarDriver.Losses.ValueLoss.mean": {
            "value": 0.15099473203221958,
            "min": 0.11520607359707355,
            "max": 0.15962755391995112,
            "count": 10
        },
        "CarDriver.Losses.ValueLoss.sum": {
            "value": 0.7549736601610979,
            "min": 0.4608242943882942,
            "max": 0.7981377695997556,
            "count": 10
        },
        "CarDriver.Policy.LearningRate.mean": {
            "value": 1.6497814500760008e-05,
            "min": 1.6497814500760008e-05,
            "max": 0.00028460145513285,
            "count": 10
        },
        "CarDriver.Policy.LearningRate.sum": {
            "value": 8.248907250380004e-05,
            "min": 8.248907250380004e-05,
            "max": 0.00128442007186,
            "count": 10
        },
        "CarDriver.Policy.Epsilon.mean": {
            "value": 0.10549924000000002,
            "min": 0.10549924000000002,
            "max": 0.19486715,
            "count": 10
        },
        "CarDriver.Policy.Epsilon.sum": {
            "value": 0.5274962000000001,
            "min": 0.5000406000000001,
            "max": 0.92814,
            "count": 10
        },
        "CarDriver.Policy.Beta.mean": {
            "value": 0.0002844120760000001,
            "min": 0.0002844120760000001,
            "max": 0.004743870785,
            "count": 10
        },
        "CarDriver.Policy.Beta.sum": {
            "value": 0.0014220603800000004,
            "min": 0.0014220603800000004,
            "max": 0.021414186,
            "count": 10
        },
        "CarDriver.IsTraining.mean": {
            "value": 1.0,
            "min": 1.0,
            "max": 1.0,
            "count": 10
        },
        "CarDriver.IsTraining.sum": {
            "value": 1.0,
            "min": 1.0,
            "max": 1.0,
            "count": 10
        }
    },
    "metadata": {
        "timer_format_version": "0.1.0",
        "start_time_seconds": "1751095696",
        "python_version": "3.8.0 (tags/v3.8.0:fa919fd, Oct 14 2019, 19:37:50) [MSC v.1916 64 bit (AMD64)]",
        "command_line_arguments": "C:\\Users\\vanos\\OneDrive\\Desktop\\Uni Stuff\\Y3\\Redo\\Advanced Tools\\Git Project\\MLAdvancedTools\\venv\\Scripts\\mlagents-learn --run-id=TestWithHandbreak",
        "mlagents_version": "0.29.0",
        "mlagents_envs_version": "0.29.0",
        "communication_protocol_version": "1.5.0",
        "pytorch_version": "2.4.1+cpu",
        "numpy_version": "1.21.2",
        "end_time_seconds": "1751098547"
    },
    "total": 2851.5626150000003,
    "count": 1,
    "self": 0.0184466000005159,
    "children": {
        "run_training.setup": {
            "total": 0.12235050000000003,
            "count": 1,
            "self": 0.12235050000000003
        },
        "TrainerController.start_learning": {
            "total": 2851.4218179,
            "count": 1,
            "self": 8.905727099974683,
            "children": {
                "TrainerController._reset_env": {
                    "total": 15.0701423,
                    "count": 1,
                    "self": 15.0701423
                },
                "TrainerController.advance": {
                    "total": 2827.3423679000252,
                    "count": 500013,
                    "self": 8.308756100170285,
                    "children": {
                        "env_step": {
                            "total": 2651.1559852998807,
                            "count": 500013,
                            "self": 1655.2683117996803,
                            "children": {
                                "SubprocessEnvManager._take_step": {
                                    "total": 990.1123355002247,
                                    "count": 500013,
                                    "self": 21.26637310008266,
                                    "children": {
                                        "TorchPolicy.evaluate": {
                                            "total": 968.8459624001421,
                                            "count": 500013,
                                            "self": 139.00119260012843,
                                            "children": {
                                                "TorchPolicy.sample_actions": {
                                                    "total": 829.8447698000136,
                                                    "count": 500013,
                                                    "self": 829.8447698000136
                                                }
                                            }
                                        }
                                    }
                                },
                                "workers": {
                                    "total": 5.7753379999758145,
                                    "count": 500013,
                                    "self": 0.0,
                                    "children": {
                                        "worker_root": {
                                            "total": 2824.259877100035,
                                            "count": 500013,
                                            "is_parallel": true,