{
    "name": "root",
    "gauges": {
        "CarDriver.Policy.Entropy.mean": {
            "value": 1.1950230598449707,
            "min": 1.178679347038269,
            "max": 1.8551521301269531,
            "count": 25
        },
        "CarDriver.Policy.Entropy.sum": {
            "value": 23881.341796875,
            "min": 23705.599609375,
            "max": 37355.34375,
            "count": 25
        },
        "CarDriver.Step.mean": {
            "value": 499947.0,
            "min": 19955.0,
            "max": 499947.0,
            "count": 25
        },
        "CarDriver.Step.sum": {
            "value": 499947.0,
            "min": 19955.0,
            "max": 499947.0,
            "count": 25
        },
        "CarDriver.Policy.ExtrinsicValueEstimate.mean": {
            "value": 28.32895851135254,
            "min": 8.352057456970215,
            "max": 40.73374557495117,
            "count": 25
        },
        "CarDriver.Policy.ExtrinsicValueEstimate.sum": {
            "value": 10311.7412109375,
            "min": 2973.33251953125,
            "max": 14256.810546875,
            "count": 25
        },
        "CarDriver.Policy.GailValueEstimate.mean": {
            "value": 11.776034355163574,
            "min": 6.848442077636719,
            "max": 14.667642593383789,
            "count": 25
        },
        "CarDriver.Policy.GailValueEstimate.sum": {
            "value": 4286.4765625,
            "min": 2438.04541015625,
            "max": 5221.6806640625,
            "count": 25
        },
        "CarDriver.Losses.PolicyLoss.mean": {
            "value": 0.046417155834078266,
            "min": 0.04040992349843706,
            "max": 0.04893202112023637,
            "count": 25
        },
        "CarDriver.Losses.PolicyLoss.sum": {
            "value": 0.8819259608474871,
            "min": 0.7420108011574484,
            "max": 0.9297084012844911,
            "count": 25
        },
        "CarDriver.Losses.ValueLoss.mean": {
            "value": 46.290136663537275,
            "min": 30.675754470589723,
            "max": 67.96244837944967,
            "count": 25
        },
        "CarDriver.Losses.ValueLoss.sum": {
            "value": 879.5125966072083,
            "min": 552.163580470615,
            "max": 1291.2865192095437,
            "count": 25
        },
        "CarDriver.Policy.LearningRate.mean": {
            "value": 6.011529575136844e-06,
            "min": 6.011529575136844e-06,
            "max": 0.00029344230218589993,
            "count": 25
        },
        "CarDriver.Policy.LearningRate.sum": {
            "value": 0.00011421906192760004,
            "min": 0.00011421906192760004,
            "max": 0.005352559315813599,
            "count": 25
        },
        "CarDriver.Policy.Epsilon.mean": {
            "value": 0.1020038105263158,
            "min": 0.1020038105263158,
            "max": 0.1978141,
            "count": 25
        },
        "CarDriver.Policy.Epsilon.sum": {
            "value": 1.9380724,
            "min": 1.9380724,
            "max": 3.6841864,
            "count": 25
        },
        "CarDriver.Policy.Beta.mean": {
            "value": 1.981867157894737e-05,
            "min": 1.981867157894737e-05,
            "max": 0.0004892890899999999,
            "count": 25
        },
        "CarDriver.Policy.Beta.sum": {
            "value": 0.00037655476,
            "min": 0.00037655476,
            "max": 0.00893251336,
            "count": 25
        },
        "CarDriver.Policy.GAILPolicyEstimate.mean": {
            "value": 0.38973256109053633,
            "min": 0.31393375914347793,
            "max": 0.5014290813552705,
            "count": 25
        },
        "CarDriver.Policy.GAILPolicyEstimate.sum": {
            "value": 7.40491866072019,
            "min": 5.964741423726081,
            "max": 9.527152545750141,
            "count": 25
        },
        "CarDriver.Policy.GAILExpertEstimate.mean": {
            "value": 0.6153012043551394,
            "min": 0.540214660659171,
            "max": 0.6593760719947648,
            "count": 25
        },
        "CarDriver.Policy.GAILExpertEstimate.sum": {
            "value": 11.690722882747648,
            "min": 9.959605097770691,
            "max": 12.528145367900532,
            "count": 25
        },
        "CarDriver.Losses.GAILLoss.mean": {
            "value": 1.0746803417017587,
            "min": 0.8879085643249645,
            "max": 1.310225450156028,
            "count": 25
        },
        "CarDriver.Losses.GAILLoss.sum": {
            "value": 20.418926492333416,
            "min": 16.870262722174324,
            "max": 24.89428355296453,
            "count": 25
        },
        "CarDriver.Policy.GAILGradMagLoss.mean": {
            "value": 0.02967604859977177,
            "min": 0.013253949004584892,
            "max": 2.1744658793150275,
            "count": 25
        },
        "CarDriver.Policy.GAILGradMagLoss.sum": {
            "value": 0.5638449233956636,
            "min": 0.25182503108711296,
            "max": 39.1403858276705,
            "count": 25
        },
        "CarDriver.Losses.PretrainingLoss.mean": {
            "value": 0.6502797374654894,
            "min": 0.6502797374654894,
            "max": 0.8177286120999394,
            "count": 25
        },
        "CarDriver.Losses.PretrainingLoss.sum": {
            "value": 12.355315011844299,
            "min": 11.982949518320854,
            "max": 14.71911501779891,
            "count": 25
        },
        "CarDriver.Environment.EpisodeLength.mean": {
            "value": 180.22522522522522,
            "min": 180.22522522522522,
            "max": 276.037037037037,
            "count": 25
        },
        "CarDriver.Environment.EpisodeLength.sum": {
            "value": 20005.0,
            "min": 15873.0,
            "max": 24199.0,
            "count": 25
        },
        "CarDriver.Environment.CumulativeReward.mean": {
            "value": 83.45945945945945,
            "min": 52.86813186813187,
            "max": 154.23076923076923,
            "count": 25
        },
        "CarDriver.Environment.CumulativeReward.sum": {
            "value": 9264.0,
            "min": 4811.0,
            "max": 12030.0,
            "count": 25
        },
        "CarDriver.Policy.ExtrinsicReward.mean": {
            "value": 83.45945945945945,
            "min": 52.86813186813187,
            "max": 154.23076923076923,
            "count": 25
        },
        "CarDriver.Policy.ExtrinsicReward.sum": {
            "value": 9264.0,
            "min": 4811.0,
            "max": 12030.0,
            "count": 25
        },
        "CarDriver.Policy.GailReward.mean": {
            "value": 31.599152256675936,
            "min": 31.599152256675936,
            "max": 52.813130924841026,
            "count": 25
        },
        "CarDriver.Policy.GailReward.sum": {
            "value": 3507.505900491029,
            "min": 2619.2208299450576,
            "max": 4436.97804543376,
            "count": 25
        },
        "CarDriver.IsTraining.mean": {
            "value": 1.0,
            "min": 1.0,
            "max": 1.0,
            "count": 25
        },
        "CarDriver.IsTraining.sum": {
            "value": 1.0,
            "min": 1.0,
            "max": 1.0,
            "count": 25
        }
    },
    "metadata": {
        "timer_format_version": "0.1.0",
        "start_time_seconds": "1751215818",
        "python_version": "3.8.0 (tags/v3.8.0:fa919fd, Oct 14 2019, 19:37:50) [MSC v.1916 64 bit (AMD64)]",
        "command_line_arguments": "C:\\Users\\vanos\\OneDrive\\Desktop\\Uni Stuff\\Y3\\Redo\\Advanced Tools\\Git Project\\MLAdvancedTools\\venv\\Scripts\\mlagents-learn config/CarDriver.yaml --run-id=FullTrackImi6",
        "mlagents_version": "0.29.0",
        "mlagents_envs_version": "0.29.0",
        "communication_protocol_version": "1.5.0",
        "pytorch_version": "2.4.1+cpu",