{
    "name": "root",
    "gauges": {
        "CarDriver.Policy.Entropy.mean": {
            "value": 1.8442070484161377,
            "min": 1.782455563545227,
            "max": 2.1712536811828613,
            "count": 12
        },
        "CarDriver.Policy.Entropy.sum": {
            "value": 36707.09765625,
            "min": 35748.9296875,
            "max": 43928.8046875,
            "count": 12
        },
        "CarDriver.Step.mean": {
            "value": 239983.0,
            "min": 19979.0,
            "max": 239983.0,
            "count": 12
        },
        "CarDriver.Step.sum": {
            "value": 239983.0,
            "min": 19979.0,
            "max": 239983.0,
            "count": 12
        },
        "CarDriver.Policy.ExtrinsicValueEstimate.mean": {
            "value": -18.857872009277344,
            "min": -24.044992446899414,
            "max": -0.6137317419052124,
            "count": 12
        },
        "CarDriver.Policy.ExtrinsicValueEstimate.sum": {
            "value": -6260.8134765625,
            "min": -8535.97265625,
            "max": -192.71176147460938,
            "count": 12
        },
        "CarDriver.Policy.GailValueEstimate.mean": {
            "value": 2.5609443187713623,
            "min": 1.5456980466842651,
            "max": 5.383688926696777,
            "count": 12
        },
        "CarDriver.Policy.GailValueEstimate.sum": {
            "value": 850.2335205078125,
            "min": 494.6233825683594,
            "max": 1814.30322265625,
            "count": 12
        },
        "CarDriver.Losses.PolicyLoss.mean": {
            "value": 0.04575885041604603,
            "min": 0.04060552937853909,
            "max": 0.04575885041604603,
            "count": 12
        },
        "CarDriver.Losses.PolicyLoss.sum": {
            "value": 0.8694181579048745,
            "min": 0.6757414136702815,
            "max": 0.8694181579048745,
            "count": 12
        },
        "CarDriver.Losses.ValueLoss.mean": {
            "value": 150.2520529178151,
            "min": 0.9271673448328618,
            "max": 150.2520529178151,
            "count": 12
        },
        "CarDriver.Losses.ValueLoss.sum": {
            "value": 2854.7890054384866,
            "min": 13.907510172492927,
            "max": 2854.7890054384866,
            "count": 12
        },
        "CarDriver.Policy.LearningRate.mean": {
            "value": 0.00016196458285392632,
            "min": 0.00016196458285392632,
            "max": 0.0002931630422789866,
            "count": 12
        },
        "CarDriver.Policy.LearningRate.sum": {
            "value": 0.0030773270742246,
            "min": 0.0030773270742246,
            "max": 0.0051304123898626,
            "count": 12
        },
        "CarDriver.Policy.Epsilon.mean": {
            "value": 0.1539881789473684,
            "min": 0.1539881789473684,
            "max": 0.1977210133333333,
            "count": 12
        },
        "CarDriver.Policy.Epsilon.sum": {
            "value": 2.9257754,
            "min": 2.9257754,
            "max": 3.6101373999999997,
            "count": 12
        },
        "CarDriver.Policy.Beta.mean": {
            "value": 0.00027454207684210523,
            "min": 0.00027454207684210523,
            "max": 0.0004888329653333334,
            "count": 12
        },
        "CarDriver.Policy.Beta.sum": {
            "value": 0.00521629946,
            "min": 0.00521629946,
            "max": 0.00856967326,
            "count": 12
        },
        "CarDriver.Policy.GAILPolicyEstimate.mean": {
            "value": 0.2318012088275793,
            "min": 0.16888734564315855,
            "max": 0.5123389424218072,
            "count": 12
        },
        "CarDriver.Policy.GAILPolicyEstimate.sum": {
            "value": 4.404222967724007,
            "min": 3.208859567220012,
            "max": 7.769856780767441,
            "count": 12
        },
        "CarDriver.Policy.GAILExpertEstimate.mean": {
            "value": 0.7573005282565167,
            "min": 0.603179115675114,
            "max": 0.8015280049621013,
            "count": 12
        },
        "CarDriver.Policy.GAILExpertEstimate.sum": {
            "value": 14.388710036873817,
            "min": 9.047686735126709,
            "max": 15.229032094279924,
            "count": 12
        },
        "CarDriver.Losses.GAILLoss.mean": {
            "value": 0.6229481179463235,
            "min": 0.44820076135689746,
            "max": 1.29316458593916,
            "count": 12
        },
        "CarDriver.Losses.GAILLoss.sum": {
            "value": 11.836014240980148,
            "min": 8.515814465781052,
            "max": 19.473117733995117,
            "count": 12
        },
        "CarDriver.Policy.GAILGradMagLoss.mean": {
            "value": 0.05539996725743995,
            "min": 0.051966225997985976,
            "max": 2.180288000298595,
            "count": 12
        },
        "CarDriver.Policy.GAILGradMagLoss.sum": {
            "value": 1.0525993778913592,
            "min": 0.9873582939617336,
            "max": 32.70432000447892,
            "count": 12
        },
        "CarDriver.Losses.PretrainingLoss.mean": {
            "value": 0.7384756951010679,
            "min": 0.7384756951010679,
            "max": 0.9566737024407638,
            "count": 12
        },
        "CarDriver.Losses.PretrainingLoss.sum": {
            "value": 14.03103820692029,
            "min": 13.59435657764736,
            "max": 15.211415223908006,
            "count": 12
        },
        "CarDriver.Environment.EpisodeLength.mean": {
            "value": 637.625,
            "min": 225.9318181818182,
            "max": 1799.5294117647059,
            "count": 12
        },
        "CarDriver.Environment.EpisodeLength.sum": {
            "value": 25505.0,
            "min": 7111.0,
            "max": 32098.0,
            "count": 12
        },
        "CarDriver.Environment.CumulativeReward.mean": {
            "value": -116.4716407748405,
            "min": -256.92806050828864,
            "max": -30.286218187509803,
            "count": 12
        },
        "CarDriver.Environment.CumulativeReward.sum": {
            "value": -4658.86563099362,
            "min": -7668.150276258588,
            "max": -121.14487275003921,
            "count": 12
        },
        "CarDriver.Policy.ExtrinsicReward.mean": {
            "value": -116.4716407748405,
            "min": -256.92806050828864,
            "max": -30.286218187509803,
            "count": 12
        },
        "CarDriver.Policy.ExtrinsicReward.sum": {
            "value": -4658.86563099362,
            "min": -7668.150276258588,
            "max": -121.14487275003921,
            "count": 12
        },
        "CarDriver.Policy.GailReward.mean": {
            "value": 17.89208298958838,
            "min": 13.031317858004265,
            "max": 145.44870644807816,
            "count": 12
        },
        "CarDriver.Policy.GailReward.sum": {
            "value": 715.6833195835352,
            "min": 293.00863403081894,
            "max": 2099.749249212444,
            "count": 12
        },
        "CarDriver.IsTraining.mean": {
            "value": 1.0,
            "min": 1.0,
            "max": 1.0,
            "count": 12
        },
        "CarDriver.IsTraining.sum": {
            "value": 1.0,
            "min": 1.0,
            "max": 1.0,
            "count": 12
        }
    },
    "metadata": {
        "timer_format_version": "0.1.0",
        "start_time_seconds": "1751220719",
        "python_version": "3.8.0 (tags/v3.8.0:fa919fd, Oct 14 2019, 19:37:50) [MSC v.1916 64 bit (AMD64)]",
        "command_line_arguments": "C:\\Users\\vanos\\OneDrive\\Desktop\\Uni Stuff\\Y3\\Redo\\Advanced Tools\\Git Project\\MLAdvancedTools\\venv\\Scripts\\mlagents-learn config/CarDriver.yaml --run-id=FullTrackImi11",
        "mlagents_version": "0.29.0",
        "mlagents_envs_version": "0.29.0",