{
    "name": "root",
    "metadata": {
        "timer_format_version": "0.1.0",
        "start_time_seconds": "1751170340",
        "python_version": "3.8.0 (tags/v3.8.0:fa919fd, Oct 14 2019, 19:37:50) [MSC v.1916 64 bit (AMD64)]",
        "command_line_arguments": "C:\\Users\\vanos\\OneDrive\\Desktop\\Uni Stuff\\Y3\\Redo\\Advanced Tools\\Git Project\\MLAdvancedTools\\venv\\Scripts\\mlagents-learn config/CarDriver.yaml --run-id=Imitation",
        "mlagents_version": "0.29.0",
        "mlagents_envs_version": "0.29.0",
        "communication_protocol_version": "1.5.0",
        "pytorch_version": "2.4.1+cpu",
        "numpy_version": "1.21.2",
        "end_time_seconds": "1751170437"
    },
    "total": 97.416919,
    "count": 1,
    "self": 0.01654270000000224,
    "children": {
        "run_training.setup": {
            "total": 0.11927869999999974,
            "count": 1,
            "self": 0.11927869999999974
        },
        "TrainerController.start_learning": {
            "total": 97.2810976,
            "count": 1,
            "self": 0.03566139999999507,
            "children": {
                "TrainerController._reset_env": {
                    "total": 11.631677799999999,
                    "count": 1,
                    "self": 10.1189909,
                    "children": {
                        "demo_to_buffer": {
                            "total": 1.5126868999999985,
                            "count": 2,
                            "self": 0.00011489999999980682,
                            "children": {
                                "load_demonstration": {
                                    "total": 0.017952599999999208,
                                    "count": 2,
                                    "self": 0.017664999999999154,
                                    "children": {
                                        "read_file": {
                                            "total": 0.0002876000000000545,
                                            "count": 2,
                                            "self": 0.0002876000000000545
                                        }
                                    }
                                },
                                "make_demo_buffer": {
                                    "total": 1.4946193999999995,
                                    "count": 2,
                                    "self": 0.21159729999999222,
                                    "children": {
                                        "steps_from_proto": {
                                            "total": 1.2830221000000073,
                                            "count": 6972,
                                            "self": 0.8082916000000164,
                                            "children": {
                                                "_process_rank_one_or_two_observation": {
                                                    "total": 0.47473049999999084,
                                                    "count": 27888,
                                                    "self": 0.47473049999999084
                                                }
                                            }
                                        }
                                    }
                                }
                            }
                        }
                    }
                },
                "TrainerController.advance": {
                    "total": 85.4660755,
                    "count": 1984,
                    "self": 0.03478039999986038,
                    "children": {
                        "env_step": {
                            "total": 76.45911770000008,
                            "count": 1984,
                            "self": 72.0877192,
                            "children": {
                                "SubprocessEnvManager._take_step": {
                                    "total": 4.347274000000054,
                                    "count": 1984,
                                    "self": 0.09502910000003695,
                                    "children": {
                                        "TorchPolicy.evaluate": {
                                            "total": 4.252244900000017,
                                            "count": 1984,
                                            "self": 0.5840638999999808,
                                            "children": {
                                                "TorchPolicy.sample_actions": {
                                                    "total": 3.668181000000036,
                                                    "count": 1984,
                                                    "self": 3.668181000000036
                                                }
                                            }
                                        }
                                    }
                                },
                                "workers": {
                                    "total": 0.024124500000029414,
                                    "count": 1983,
                                    "self": 0.0,
                                    "children": {
                                        "worker_root": {
                                            "total": 25.198858299999895,
                                            "count": 1983,
                                            "is_parallel": true,
                                            "self": 17.665506599999958,
                                            "children": {
                                                "steps_from_proto": {
                                                    "total": 0.0005389999999998452,
                                                    "count": 1,
                                                    "is_parallel": true,
                                                    "self": 0.00024670000000170944,
                                                    "children": {
                                                        "_process_rank_one_or_two_observation": {
                                                            "total": 0.0002922999999981357,
                                                            "count": 4,
                                                            "is_parallel": true,
                                                            "self": 0.0002922999999981357
                                                        }
                                                    }
                                                },
                                                "UnityEnvironment.step": {
                                                    "total": 7.532812699999937,
                                                    "count": 1983,
                                                    "is_parallel": true,
                                                    "self": 0.19600469999988057,
                                                    "children": {
                                                        "UnityEnvironment._generate_step_input": {
                                                            "total": 0.25588180000003646,
                                                            "count": 1983,
                                                            "is_parallel": true,
                                                            "self": 0.25588180000003646
                                                        },
                                                        "communicator.exchange": {
                                                            "total": 6.384013800000099,
                                                            "count": 1983,
                                                            "is_parallel": true,