{
    "name": "root",
    "gauges": {
        "CarDriver.Policy.Entropy.mean": {
            "value": 1.2584558725357056,
            "min": 1.2386670112609863,
            "max": 1.855080485343933,
            "count": 25
        },
        "CarDriver.Policy.Entropy.sum": {
            "value": 25018.1015625,
            "min": 24634.609375,
            "max": 37680.39453125,
            "count": 25
        },
        "CarDriver.Step.mean": {
            "value": 499974.0,
            "min": 19991.0,
            "max": 499974.0,
            "count": 25
        },
        "CarDriver.Step.sum": {
            "value": 499974.0,
            "min": 19991.0,
            "max": 499974.0,
            "count": 25
        },
        "CarDriver.Policy.ExtrinsicValueEstimate.mean": {
            "value": 0.8385240435600281,
            "min": 0.3157527446746826,
            "max": 2.721371650695801,
            "count": 25
        },
        "CarDriver.Policy.ExtrinsicValueEstimate.sum": {
            "value": 299.35308837890625,
            "min": 111.4607162475586,
            "max": 960.6441650390625,
            "count": 25
        },
        "CarDriver.Policy.GailValueEstimate.mean": {
            "value": 11.629373550415039,
            "min": 6.693826675415039,
            "max": 13.804250717163086,
            "count": 25
        },
        "CarDriver.Policy.GailValueEstimate.sum": {
            "value": 4151.6865234375,
            "min": 2362.9208984375,
            "max": 4872.900390625,
            "count": 25
        },
        "CarDriver.Losses.PolicyLoss.mean": {
            "value": 0.04456263858408325,
            "min": 0.03877961404188618,
            "max": 0.04982056865558486,
            "count": 25
        },
        "CarDriver.Losses.PolicyLoss.sum": {
            "value": 0.8466901330975817,
            "min": 0.7368126667958373,
            "max": 0.9465908044561123,
            "count": 25
        },
        "CarDriver.Losses.ValueLoss.mean": {
            "value": 6.850840637558384,
            "min": 4.948955610133054,
            "max": 9.55900477817635,
            "count": 25
        },
        "CarDriver.Losses.ValueLoss.sum": {
            "value": 130.16597211360929,
            "min": 94.03015659252803,
            "max": 162.50308122899796,
            "count": 25
        },
        "CarDriver.Policy.LearningRate.mean": {
            "value": 6.090255864684209e-06,
            "min": 6.090255864684209e-06,
            "max": 0.0002934819904079647,
            "count": 25
        },
        "CarDriver.Policy.LearningRate.sum": {
            "value": 0.00011571486142899996,
            "min": 0.00011571486142899996,
            "max": 0.0053578999140334,
            "count": 25
        },
        "CarDriver.Policy.Epsilon.mean": {
            "value": 0.10203005263157894,
            "min": 0.10203005263157894,
            "max": 0.19782732941176473,
            "count": 25
        },
        "CarDriver.Policy.Epsilon.sum": {
            "value": 1.9385709999999998,
            "min": 1.9385709999999998,
            "max": 3.6859666,
            "count": 25
        },
        "CarDriver.Policy.Beta.mean": {
            "value": 1.994725789473684e-05,
            "min": 1.994725789473684e-05,
            "max": 0.000489353914117647,
            "count": 25
        },
        "CarDriver.Policy.Beta.sum": {
            "value": 0.0003789979,
            "min": 0.0003789979,
            "max": 0.00894123634,
            "count": 25
        },
        "CarDriver.Policy.GAILPolicyEstimate.mean": {
            "value": 0.40582497783920224,
            "min": 0.35391380467958616,
            "max": 0.47971931139105234,
            "count": 25
        },
        "CarDriver.Policy.GAILPolicyEstimate.sum": {
            "value": 7.710674578944842,
            "min": 6.724362288912137,
            "max": 9.114666916429995,
            "count": 25
        },
        "CarDriver.Policy.GAILExpertEstimate.mean": {
            "value": 0.593147475207061,
            "min": 0.5452011172418243,
            "max": 0.6343609254088318,
            "count": 25
        },
        "CarDriver.Policy.GAILExpertEstimate.sum": {
            "value": 11.26980202893416,
            "min": 9.746657283769714,
            "max": 12.052857582767805,
            "count": 25
        },
        "CarDriver.Losses.GAILLoss.mean": {
            "value": 1.1207928205268427,
            "min": 0.978142014198136,
            "max": 1.2692739137432032,
            "count": 25
        },
        "CarDriver.Losses.GAILLoss.sum": {
            "value": 21.29506359001001,
            "min": 18.584698269764584,
            "max": 24.11620436112086,
            "count": 25
        },
        "CarDriver.Policy.GAILGradMagLoss.mean": {
            "value": 0.0206669754953238,
            "min": 0.01636711905890128,
            "max": 2.035783557817827,
            "count": 25
        },
        "CarDriver.Policy.GAILGradMagLoss.sum": {
            "value": 0.3926725344111522,
            "min": 0.3109752621191243,
            "max": 34.60832048290306,
            "count": 25
        },
        "CarDriver.Losses.PretrainingLoss.mean": {
            "value": 0.6514113226205468,
            "min": 0.6514113226205468,
            "max": 0.8187562578479817,
            "count": 25
        },
        "CarDriver.Losses.PretrainingLoss.sum": {
            "value": 12.376815129790389,
            "min": 11.909866235758127,
            "max": 14.400403740113243,
            "count": 25
        },
        "CarDriver.Environment.EpisodeLength.mean": {
            "value": 201.27272727272728,
            "min": 201.27272727272728,
            "max": 283.3157894736842,
            "count": 25
        },
        "CarDriver.Environment.EpisodeLength.sum": {
            "value": 19926.0,
            "min": 17019.0,
            "max": 22872.0,
            "count": 25
        },
        "CarDriver.Environment.CumulativeReward.mean": {
            "value": 5.7110003504157065,
            "min": -1.1865849785688447,
            "max": 10.932911768744264,
            "count": 25
        },
        "CarDriver.Environment.CumulativeReward.sum": {
            "value": 571.1000350415707,
            "min": -97.29996824264526,
            "max": 863.7000297307968,
            "count": 25
        },
        "CarDriver.Policy.ExtrinsicReward.mean": {
            "value": 5.7110003504157065,
            "min": -1.1865849785688447,
            "max": 10.932911768744264,
            "count": 25
        },
        "CarDriver.Policy.ExtrinsicReward.sum": {
            "value": 571.1000350415707,
            "min": -97.29996824264526,
            "max": 863.7000297307968,
            "count": 25
        },
        "CarDriver.Policy.GailReward.mean": {
            "value": 35.49088735982776,
            "min": 35.377142989508265,
            "max": 51.68125480217859,
            "count": 25
        },
        "CarDriver.Policy.GailReward.sum": {
            "value": 3549.0887359827757,
            "min": 2900.9257251396775,
            "max": 4134.500384174287,
            "count": 25
        },
        "CarDriver.IsTraining.mean": {
            "value": 1.0,
            "min": 1.0,
            "max": 1.0,
            "count": 25
        },
        "CarDriver.IsTraining.sum": {
            "value": 1.0,
            "min": 1.0,
            "max": 1.0,
            "count": 25
        }
    },
    "metadata": {
        "timer_format_version": "0.1.0",
        "start_time_seconds": "1751216849",
        "python_version": "3.8.0 (tags/v3.8.0:fa919fd, Oct 14 2019, 19:37:50) [MSC v.1916 64 bit (AMD64)]",
        "command_line_arguments": "C:\\Users\\vanos\\OneDrive\\Desktop\\Uni Stuff\\Y3\\Redo\\Advanced Tools\\Git Project\\MLAdvancedTools\\venv\\Scripts\\mlagents-learn config/CarDriver.yaml --run-id=FullTrackImi7",
        "mlagents_version": "0.29.0",
        "mlagents_envs_version": "0.29.0",