{
    "name": "root",
    "gauges": {
        "CarDriver.Policy.Entropy.mean": {
            "value": 4.197497844696045,
            "min": 4.148177623748779,
            "max": 4.24507999420166,
            "count": 10
        },
        "CarDriver.Policy.Entropy.sum": {
            "value": 210076.375,
            "min": 207573.3125,
            "max": 212457.765625,
            "count": 10
        },
        "CarDriver.Step.mean": {
            "value": 499984.0,
            "min": 49984.0,
            "max": 499984.0,
            "count": 10
        },
        "CarDriver.Step.sum": {
            "value": 499984.0,
            "min": 49984.0,
            "max": 499984.0,
            "count": 10
        },
        "CarDriver.Policy.ExtrinsicValueEstimate.mean": {
            "value": 0.1116609126329422,
            "min": 0.03643358126282692,
            "max": 0.13105431199073792,
            "count": 10
        },
        "CarDriver.Policy.ExtrinsicValueEstimate.sum": {
            "value": 89.32872772216797,
            "min": 29.146865844726562,
            "max": 104.84345245361328,
            "count": 10
        },
        "CarDriver.Environment.EpisodeLength.mean": {
            "value": 1499.0,
            "min": 1499.0,
            "max": 1499.0,
            "count": 10
        },
        "CarDriver.Environment.EpisodeLength.sum": {
            "value": 47968.0,
            "min": 47968.0,
            "max": 50966.0,
            "count": 10
        },
        "CarDriver.Environment.CumulativeReward.mean": {
            "value": 1.696969696969697,
            "min": 0.8823529411764706,
            "max": 2.088235294117647,
            "count": 10
        },
        "CarDriver.Environment.CumulativeReward.sum": {
            "value": 56.0,
            "min": 29.0,
            "max": 71.0,
            "count": 10
        },
        "CarDriver.Policy.ExtrinsicReward.mean": {
            "value": 1.696969696969697,
            "min": 0.8823529411764706,
            "max": 2.088235294117647,
            "count": 10
        },
        "CarDriver.Policy.ExtrinsicReward.sum": {
            "value": 56.0,
            "min": 29.0,
            "max": 71.0,
            "count": 10
        },
        "CarDriver.Losses.PolicyLoss.mean": {
            "value": 0.024939930053272597,
            "min": 0.02218905492093929,
            "max": 0.02777096165315015,
            "count": 10
        },
        "CarDriver.Losses.PolicyLoss.sum": {
            "value": 0.12469965026636298,
            "min": 0.09000779969210271,
            "max": 0.13885480826575075,
            "count": 10
        },
        "CarDriver.Losses.ValueLoss.mean": {
            "value": 0.01844770309825738,
            "min": 0.015851283948868512,
            "max": 0.02269109118108948,
            "count": 10
        },
        "CarDriver.Losses.ValueLoss.sum": {
            "value": 0.09223851549128691,
            "min": 0.06606113609547416,
            "max": 0.11345545590544741,
            "count": 10
        },
        "CarDriver.Policy.LearningRate.mean": {
            "value": 1.5620254793280004e-05,
            "min": 1.5620254793280004e-05,
            "max": 0.0002845632051456,
            "count": 10
        },
        "CarDriver.Policy.LearningRate.sum": {
            "value": 7.810127396640001e-05,
            "min": 7.810127396640001e-05,
            "max": 0.0012836832721055996,
            "count": 10
        },
        "CarDriver.Policy.Epsilon.mean": {
            "value": 0.10520671999999998,
            "min": 0.10520671999999998,
            "max": 0.19485439999999998,
            "count": 10
        },
        "CarDriver.Policy.Epsilon.sum": {
            "value": 0.5260335999999999,
            "min": 0.5260335999999999,
            "max": 0.9278944,
            "count": 10
        },
        "CarDriver.Policy.Beta.mean": {
            "value": 0.00026981532800000006,
            "min": 0.00026981532800000006,
            "max": 0.004743234559999999,
            "count": 10
        },
        "CarDriver.Policy.Beta.sum": {
            "value": 0.0013490766400000003,
            "min": 0.0013490766400000003,
            "max": 0.021401930560000004,
            "count": 10
        },
        "CarDriver.IsTraining.mean": {
            "value": 1.0,
            "min": 1.0,
            "max": 1.0,
            "count": 10
        },
        "CarDriver.IsTraining.sum": {
            "value": 1.0,
            "min": 1.0,
            "max": 1.0,
            "count": 10
        }
    },
    "metadata": {
        "timer_format_version": "0.1.0",
        "start_time_seconds": "1751123449",
        "python_version": "3.8.0 (tags/v3.8.0:fa919fd, Oct 14 2019, 19:37:50) [MSC v.1916 64 bit (AMD64)]",
        "command_line_arguments": "C:\\Users\\vanos\\OneDrive\\Desktop\\Uni Stuff\\Y3\\Redo\\Advanced Tools\\Git Project\\MLAdvancedTools\\venv\\Scripts\\mlagents-learn --force --run-id=FixedTest1",
        "mlagents_version": "0.29.0",
        "mlagents_envs_version": "0.29.0",
        "communication_protocol_version": "1.5.0",
        "pytorch_version": "2.4.1+cpu",
        "numpy_version": "1.21.2",
        "end_time_seconds": "1751124931"
    },
    "total": 1481.6317522999998,
    "count": 1,
    "self": 0.009296499999663865,
    "children": {
        "run_training.setup": {
            "total": 0.11363140000000005,
            "count": 1,
            "self": 0.11363140000000005
        },
        "TrainerController.start_learning": {
            "total": 1481.5088244,
            "count": 1,
            "self": 4.606984600006172,
            "children": {
                "TrainerController._reset_env": {
                    "total": 11.2635924,
                    "count": 1,
                    "self": 11.2635924
                },
                "TrainerController.advance": {
                    "total": 1465.528215799994,
                    "count": 250024,
                    "self": 4.619306900021229,
                    "children": {
                        "env_step": {
                            "total": 1299.3510615999771,
                            "count": 250024,
                            "self": 766.9275036999716,
                            "children": {
                                "SubprocessEnvManager._take_step": {
                                    "total": 529.2825925999846,
                                    "count": 250024,
                                    "self": 11.312293600019302,
                                    "children": {
                                        "TorchPolicy.evaluate": {
                                            "total": 517.9702989999653,
                                            "count": 250024,
                                            "self": 72.63169959999556,
                                            "children": {
                                                "TorchPolicy.sample_actions": {
                                                    "total": 445.3385993999697,
                                                    "count": 250024,
                                                    "self": 445.3385993999697
                                                }
                                            }
                                        }
                                    }
                                },
                                "workers": {
                                    "total": 3.1409653000209694,
                                    "count": 250024,
                                    "self": 0.0,
                                    "children": {
                                        "worker_root": {
                                            "total": 1464.4188607000376,
                                            "count": 250024,
                                            "is_parallel": true,