{
    "name": "root",
    "gauges": {
        "CarDriver.Policy.Entropy.mean": {
            "value": 3.097480297088623,
            "min": 3.097480297088623,
            "max": 3.097480297088623,
            "count": 1
        },
        "CarDriver.Policy.Entropy.sum": {
            "value": 62222.18359375,
            "min": 62222.18359375,
            "max": 62222.18359375,
            "count": 1
        },
        "CarDriver.Step.mean": {
            "value": 19936.0,
            "min": 19936.0,
            "max": 19936.0,
            "count": 1
        },
        "CarDriver.Step.sum": {
            "value": 19936.0,
            "min": 19936.0,
            "max": 19936.0,
            "count": 1
        },
        "CarDriver.Policy.ExtrinsicValueEstimate.mean": {
            "value": -0.13375598192214966,
            "min": -0.13375598192214966,
            "max": -0.13375598192214966,
            "count": 1
        },
        "CarDriver.Policy.ExtrinsicValueEstimate.sum": {
            "value": -41.9993782043457,
            "min": -41.9993782043457,
            "max": -41.9993782043457,
            "count": 1
        },
        "CarDriver.Policy.GailValueEstimate.mean": {
            "value": 19.230541229248047,
            "min": 19.230541229248047,
            "max": 19.230541229248047,
            "count": 1
        },
        "CarDriver.Policy.GailValueEstimate.sum": {
            "value": 6038.39013671875,
            "min": 6038.39013671875,
            "max": 6038.39013671875,
            "count": 1
        },
        "CarDriver.Losses.PolicyLoss.mean": {
            "value": 0.04554741015735856,
            "min": 0.04554741015735856,
            "max": 0.04554741015735856,
            "count": 1
        },
        "CarDriver.Losses.PolicyLoss.sum": {
            "value": 0.6376637422030198,
            "min": 0.6376637422030198,
            "max": 0.6376637422030198,
            "count": 1
        },
        "CarDriver.Losses.ValueLoss.mean": {
            "value": 45.5812819785542,
            "min": 45.5812819785542,
            "max": 45.5812819785542,
            "count": 1
        },
        "CarDriver.Losses.ValueLoss.sum": {
            "value": 638.1379476997588,
            "min": 638.1379476997588,
            "max": 638.1379476997588,
            "count": 1
        },
        "CarDriver.Policy.LearningRate.mean": {
            "value": 0.0002932478593935714,
            "min": 0.0002932478593935714,
            "max": 0.0002932478593935714,
            "count": 1
        },
        "CarDriver.Policy.LearningRate.sum": {
            "value": 0.004105470031509999,
            "min": 0.004105470031509999,
            "max": 0.004105470031509999,
            "count": 1
        },
        "CarDriver.Policy.Epsilon.mean": {
            "value": 0.19774928571428574,
            "min": 0.19774928571428574,
            "max": 0.19774928571428574,
            "count": 1
        },
        "CarDriver.Policy.Epsilon.sum": {
            "value": 2.7684900000000003,
            "min": 2.7684900000000003,
            "max": 2.7684900000000003,
            "count": 1
        },
        "CarDriver.Policy.Beta.mean": {
            "value": 0.0004889715,
            "min": 0.0004889715,
            "max": 0.0004889715,
            "count": 1
        },
        "CarDriver.Policy.Beta.sum": {
            "value": 0.006845601,
            "min": 0.006845601,
            "max": 0.006845601,
            "count": 1
        },
        "CarDriver.Policy.GAILPolicyEstimate.mean": {
            "value": 0.48557705085665454,
            "min": 0.48557705085665454,
            "max": 0.48557705085665454,
            "count": 1
        },
        "CarDriver.Policy.GAILPolicyEstimate.sum": {
            "value": 6.798078711993163,
            "min": 6.798078711993163,
            "max": 6.798078711993163,
            "count": 1
        },
        "CarDriver.Policy.GAILExpertEstimate.mean": {
            "value": 0.5276168476731058,
            "min": 0.5276168476731058,
            "max": 0.5276168476731058,
            "count": 1
        },
        "CarDriver.Policy.GAILExpertEstimate.sum": {
            "value": 7.3866358674234815,
            "min": 7.3866358674234815,
            "max": 7.3866358674234815,
            "count": 1
        },
        "CarDriver.Losses.GAILLoss.mean": {
            "value": 1.3386528793781525,
            "min": 1.3386528793781525,
            "max": 1.3386528793781525,
            "count": 1
        },
        "CarDriver.Losses.GAILLoss.sum": {
            "value": 18.741140311294135,
            "min": 18.741140311294135,
            "max": 18.741140311294135,
            "count": 1
        },
        "CarDriver.Policy.GAILGradMagLoss.mean": {
            "value": 2.231997193728706,
            "min": 2.231997193728706,
            "max": 2.231997193728706,
            "count": 1
        },
        "CarDriver.Policy.GAILGradMagLoss.sum": {
            "value": 31.247960712201888,
            "min": 31.247960712201888,
            "max": 31.247960712201888,
            "count": 1
        },
        "CarDriver.Losses.PretrainingLoss.mean": {
            "value": 0.5680917445865888,
            "min": 0.5680917445865888,
            "max": 0.5680917445865888,
            "count": 1
        },
        "CarDriver.Losses.PretrainingLoss.sum": {
            "value": 7.953284424212243,
            "min": 7.953284424212243,
            "max": 7.953284424212243,
            "count": 1
        },
        "CarDriver.Environment.EpisodeLength.mean": {
            "value": 2247.0,
            "min": 2247.0,
            "max": 2247.0,
            "count": 1
        },
        "CarDriver.Environment.EpisodeLength.sum": {
            "value": 8988.0,
            "min": 8988.0,
            "max": 8988.0,
            "count": 1
        },
        "CarDriver.Environment.CumulativeReward.mean": {
            "value": -5.5,
            "min": -5.5,
            "max": -5.5,
            "count": 1
        },
        "CarDriver.Environment.CumulativeReward.sum": {
            "value": -22.0,
            "min": -22.0,
            "max": -22.0,
            "count": 1
        },
        "CarDriver.Policy.ExtrinsicReward.mean": {
            "value": -5.5,
            "min": -5.5,
            "max": -5.5,
            "count": 1
        },
        "CarDriver.Policy.ExtrinsicReward.sum": {
            "value": -22.0,
            "min": -22.0,
            "max": -22.0,
            "count": 1
        },
        "CarDriver.Policy.GailReward.mean": {
            "value": 1279.4760777950287,
            "min": 1279.4760777950287,
            "max": 1279.4760777950287,
            "count": 1
        },
        "CarDriver.Policy.GailReward.sum": {
            "value": 5117.904311180115,
            "min": 5117.904311180115,
            "max": 5117.904311180115,
            "count": 1
        },
        "CarDriver.IsTraining.mean": {
            "value": 1.0,
            "min": 1.0,
            "max": 1.0,
            "count": 1
        },
        "CarDriver.IsTraining.sum": {
            "value": 1.0,
            "min": 1.0,
            "max": 1.0,
            "count": 1
        }
    },
    "metadata": {
        "timer_format_version": "0.1.0",
        "start_time_seconds": "1751170198",
        "python_version": "3.8.0 (tags/v3.8.0:fa919fd, Oct 14 2019, 19:37:50) [MSC v.1916 64 bit (AMD64)]",
        "command_line_arguments": "C:\\Users\\vanos\\OneDrive\\Desktop\\Uni Stuff\\Y3\\Redo\\Advanced Tools\\Git Project\\MLAdvancedTools\\venv\\Scripts\\mlagents-learn config/CarDriver.yaml --run-id=ImitationDiffDemo",
        "mlagents_version": "0.29.0",
        "mlagents_envs_version": "0.29.0",
        "communication_protocol_version": "1.5.0",
        "pytorch_version": "2.4.1+cpu",
        "numpy_version": "1.21.2",
        "end_time_seconds": "1751170306"
    },
    "total": 108.7353658,
    "count": 1,
    "self": 0.016265300000000593,