{
    "name": "root",
    "gauges": {
        "CarDriver.Policy.Entropy.mean": {
            "value": 3.184903383255005,
            "min": 3.184903383255005,
            "max": 3.184903383255005,
            "count": 1
        },
        "CarDriver.Policy.Entropy.sum": {
            "value": 63870.0546875,
            "min": 63870.0546875,
            "max": 63870.0546875,
            "count": 1
        },
        "CarDriver.Step.mean": {
            "value": 19940.0,
            "min": 19940.0,
            "max": 19940.0,
            "count": 1
        },
        "CarDriver.Step.sum": {
            "value": 19940.0,
            "min": 19940.0,
            "max": 19940.0,
            "count": 1
        },
        "CarDriver.Policy.ExtrinsicValueEstimate.mean": {
            "value": -0.12671826779842377,
            "min": -0.12671826779842377,
            "max": -0.12671826779842377,
            "count": 1
        },
        "CarDriver.Policy.ExtrinsicValueEstimate.sum": {
            "value": -39.91625213623047,
            "min": -39.91625213623047,
            "max": -39.91625213623047,
            "count": 1
        },
        "CarDriver.Policy.GailValueEstimate.mean": {
            "value": 14.377049446105957,
            "min": 14.377049446105957,
            "max": 14.377049446105957,
            "count": 1
        },
        "CarDriver.Policy.GailValueEstimate.sum": {
            "value": 4528.7705078125,
            "min": 4528.7705078125,
            "max": 4528.7705078125,
            "count": 1
        },
        "CarDriver.Losses.PolicyLoss.mean": {
            "value": 0.0454573335694106,
            "min": 0.0454573335694106,
            "max": 0.0454573335694106,
            "count": 1
        },
        "CarDriver.Losses.PolicyLoss.sum": {
            "value": 0.8182320042493908,
            "min": 0.8182320042493908,
            "max": 0.8182320042493908,
            "count": 1
        },
        "CarDriver.Losses.ValueLoss.mean": {
            "value": 11.014531287882063,
            "min": 11.014531287882063,
            "max": 11.014531287882063,
            "count": 1
        },
        "CarDriver.Losses.ValueLoss.sum": {
            "value": 198.26156318187714,
            "min": 198.26156318187714,
            "max": 198.26156318187714,
            "count": 1
        },
        "CarDriver.Policy.LearningRate.mean": {
            "value": 0.00029385630204789993,
            "min": 0.00029385630204789993,
            "max": 0.00029385630204789993,
            "count": 1
        },
        "CarDriver.Policy.LearningRate.sum": {
            "value": 0.005289413436862199,
            "min": 0.005289413436862199,
            "max": 0.005289413436862199,
            "count": 1
        },
        "CarDriver.Policy.Epsilon.mean": {
            "value": 0.1979521,
            "min": 0.1979521,
            "max": 0.1979521,
            "count": 1
        },
        "CarDriver.Policy.Epsilon.sum": {
            "value": 3.5631378,
            "min": 3.5631378,
            "max": 3.5631378,
            "count": 1
        },
        "CarDriver.Policy.Beta.mean": {
            "value": 0.00048996529,
            "min": 0.00048996529,
            "max": 0.00048996529,
            "count": 1
        },
        "CarDriver.Policy.Beta.sum": {
            "value": 0.00881937522,
            "min": 0.00881937522,
            "max": 0.00881937522,
            "count": 1
        },
        "CarDriver.Policy.GAILPolicyEstimate.mean": {
            "value": 0.416865029544742,
            "min": 0.416865029544742,
            "max": 0.416865029544742,
            "count": 1
        },
        "CarDriver.Policy.GAILPolicyEstimate.sum": {
            "value": 7.503570531805356,
            "min": 7.503570531805356,
            "max": 7.503570531805356,
            "count": 1
        },
        "CarDriver.Policy.GAILExpertEstimate.mean": {
            "value": 0.4833907235275816,
            "min": 0.4833907235275816,
            "max": 0.4833907235275816,
            "count": 1
        },
        "CarDriver.Policy.GAILExpertEstimate.sum": {
            "value": 8.70103302349647,
            "min": 8.70103302349647,
            "max": 8.70103302349647,
            "count": 1
        },
        "CarDriver.Losses.GAILLoss.mean": {
            "value": 1.3340081804328492,
            "min": 1.3340081804328492,
            "max": 1.3340081804328492,
            "count": 1
        },
        "CarDriver.Losses.GAILLoss.sum": {
            "value": 24.012147247791287,
            "min": 24.012147247791287,
            "max": 24.012147247791287,
            "count": 1
        },
        "CarDriver.Policy.GAILGradMagLoss.mean": {
            "value": 2.5570614675094405,
            "min": 2.5570614675094405,
            "max": 2.5570614675094405,
            "count": 1
        },
        "CarDriver.Policy.GAILGradMagLoss.sum": {
            "value": 46.02710641516993,
            "min": 46.02710641516993,
            "max": 46.02710641516993,
            "count": 1
        },
        "CarDriver.Losses.PretrainingLoss.mean": {
            "value": 0.617170267910869,
            "min": 0.617170267910869,
            "max": 0.617170267910869,
            "count": 1
        },
        "CarDriver.Losses.PretrainingLoss.sum": {
            "value": 11.109064822395643,
            "min": 11.109064822395643,
            "max": 11.109064822395643,
            "count": 1
        },
        "CarDriver.Environment.EpisodeLength.mean": {
            "value": 2363.0,
            "min": 2363.0,
            "max": 2363.0,
            "count": 1
        },
        "CarDriver.Environment.EpisodeLength.sum": {
            "value": 16541.0,
            "min": 16541.0,
            "max": 16541.0,
            "count": 1
        },
        "CarDriver.Environment.CumulativeReward.mean": {
            "value": -6.142857142857143,
            "min": -6.142857142857143,
            "max": -6.142857142857143,
            "count": 1
        },
        "CarDriver.Environment.CumulativeReward.sum": {
            "value": -43.0,
            "min": -43.0,
            "max": -43.0,
            "count": 1
        },
        "CarDriver.Policy.ExtrinsicReward.mean": {
            "value": -6.142857142857143,
            "min": -6.142857142857143,
            "max": -6.142857142857143,
            "count": 1
        },
        "CarDriver.Policy.ExtrinsicReward.sum": {
            "value": -43.0,
            "min": -43.0,
            "max": -43.0,
            "count": 1
        },
        "CarDriver.Policy.GailReward.mean": {
            "value": 750.9871669667108,
            "min": 750.9871669667108,
            "max": 750.9871669667108,
            "count": 1
        },
        "CarDriver.Policy.GailReward.sum": {
            "value": 5256.910168766975,
            "min": 5256.910168766975,
            "max": 5256.910168766975,
            "count": 1
        },
        "CarDriver.IsTraining.mean": {
            "value": 1.0,
            "min": 1.0,
            "max": 1.0,
            "count": 1
        },
        "CarDriver.IsTraining.sum": {
            "value": 1.0,
            "min": 1.0,
            "max": 1.0,
            "count": 1
        }
    },
    "metadata": {
        "timer_format_version": "0.1.0",
        "start_time_seconds": "1751168713",
        "python_version": "3.8.0 (tags/v3.8.0:fa919fd, Oct 14 2019, 19:37:50) [MSC v.1916 64 bit (AMD64)]",
        "command_line_arguments": "C:\\Users\\vanos\\OneDrive\\Desktop\\Uni Stuff\\Y3\\Redo\\Advanced Tools\\Git Project\\MLAdvancedTools\\venv\\Scripts\\mlagents-learn config/CarDriver.yaml --run-id=ImitationTest",
        "mlagents_version": "0.29.0",
        "mlagents_envs_version": "0.29.0",
        "communication_protocol_version": "1.5.0",
        "pytorch_version": "2.4.1+cpu",
        "numpy_version": "1.21.2",
        "end_time_seconds": "1751168937"
    },
    "total": 224.09969170000002,
    "count": 1,