{
    "name": "root",
    "metadata": {
        "timer_format_version": "0.1.0",
        "start_time_seconds": "1750831375",
        "python_version": "3.8.0 (tags/v3.8.0:fa919fd, Oct 14 2019, 19:37:50) [MSC v.1916 64 bit (AMD64)]",
        "command_line_arguments": "C:\\Users\\vanos\\OneDrive\\Desktop\\Uni Stuff\\Y3\\Redo\\Advanced Tools\\Git Project\\MLAdvancedTools\\venv\\Scripts\\mlagents-learn --run-id=Test2",
        "mlagents_version": "0.29.0",
        "mlagents_envs_version": "0.29.0",
        "communication_protocol_version": "1.5.0",
        "pytorch_version": "2.4.1+cpu",
        "numpy_version": "1.21.2",
        "end_time_seconds": "1750831479"
    },
    "total": 103.68393090000001,
    "count": 1,
    "self": 0.007223299999992605,
    "children": {
        "run_training.setup": {
            "total": 0.19357729999999984,
            "count": 1,
            "self": 0.19357729999999984
        },
        "TrainerController.start_learning": {
            "total": 103.48313030000001,
            "count": 1,
            "self": 0.10109389999985297,
            "children": {
                "TrainerController._reset_env": {
                    "total": 10.3002924,
                    "count": 1,
                    "self": 10.3002924
                },
                "TrainerController.advance": {
                    "total": 92.91145020000016,
                    "count": 5201,
                    "self": 0.09488480000007371,
                    "children": {
                        "env_step": {
                            "total": 92.30378590000008,
                            "count": 5201,
                            "self": 81.13683480000017,
                            "children": {
                                "SubprocessEnvManager._take_step": {
                                    "total": 11.10256049999987,
                                    "count": 5201,
                                    "self": 0.24045119999986042,
                                    "children": {
                                        "TorchPolicy.evaluate": {
                                            "total": 10.862109300000009,
                                            "count": 5201,
                                            "self": 1.5691661000000927,
                                            "children": {
                                                "TorchPolicy.sample_actions": {
                                                    "total": 9.292943199999916,
                                                    "count": 5201,
                                                    "self": 9.292943199999916
                                                }
                                            }
                                        }
                                    }
                                },
                                "workers": {
                                    "total": 0.06439060000003849,
                                    "count": 5200,
                                    "self": 0.0,
                                    "children": {
                                        "worker_root": {
                                            "total": 31.152548900000088,
                                            "count": 5200,
                                            "is_parallel": true,
                                            "self": 17.230951200000057,
                                            "children": {
                                                "steps_from_proto": {
                                                    "total": 0.00046110000000076923,
                                                    "count": 1,
                                                    "is_parallel": true,
                                                    "self": 0.00023290000000386613,
                                                    "children": {
                                                        "_process_rank_one_or_two_observation": {
                                                            "total": 0.0002281999999969031,
                                                            "count": 4,
                                                            "is_parallel": true,
                                                            "self": 0.0002281999999969031
                                                        }
                                                    }
                                                },
                                                "UnityEnvironment.step": {
                                                    "total": 13.921136600000033,
                                                    "count": 5200,
                                                    "is_parallel": true,
                                                    "self": 0.369231100000027,
                                                    "children": {
                                                        "UnityEnvironment._generate_step_input": {
                                                            "total": 0.2911246999999886,
                                                            "count": 5200,
                                                            "is_parallel": true,
                                                            "self": 0.2911246999999886
                                                        },
                                                        "communicator.exchange": {
                                                            "total": 11.557015799999924,
                                                            "count": 5200,
                                                            "is_parallel": true,
                                                            "self": 11.557015799999924
                                                        },
                                                        "steps_from_proto": {
                                                            "total": 1.703765000000093,
                                                            "count": 5200,
                                                            "is_parallel": true,
                                                            "self": 1.0116148000000127,
                                                            "children": {
                                                                "_process_rank_one_or_two_observation": {
                                                                    "total": 0.6921502000000803,
                                                                    "count": 20800,
                                                                    "is_parallel": true,
                                                                    "self": 0.6921502000000803
                                                                }
                                                            }
                                                        }
                                                    }
                                                }
                                            }
                                        }
                                    }
                                }
                            }
                        },
                        "trainer_advance": {
                            "total": 0.5127795000000077,
                            "count": 5200,
                            "self": 0.11590280000012321,
                            "children": {
                                "process_trajectory": {
                                    "total": 0.3968766999998845,
                                    "count": 5200,