{
    "name": "root",
    "gauges": {
        "CarDriver.Policy.Entropy.mean": {
            "value": 1.0574429035186768,
            "min": 1.0223746299743652,
            "max": 1.7252286672592163,
            "count": 25
        },
        "CarDriver.Policy.Entropy.sum": {
            "value": 21182.697265625,
            "min": 20373.880859375,
            "max": 34973.8359375,
            "count": 25
        },
        "CarDriver.Step.mean": {
            "value": 499985.0,
            "min": 19968.0,
            "max": 499985.0,
            "count": 25
        },
        "CarDriver.Step.sum": {
            "value": 499985.0,
            "min": 19968.0,
            "max": 499985.0,
            "count": 25
        },
        "CarDriver.Policy.ExtrinsicValueEstimate.mean": {
            "value": 36.795433044433594,
            "min": 10.49642276763916,
            "max": 37.98030090332031,
            "count": 25
        },
        "CarDriver.Policy.ExtrinsicValueEstimate.sum": {
            "value": 13319.9462890625,
            "min": 3694.740966796875,
            "max": 13470.744140625,
            "count": 25
        },
        "CarDriver.Policy.GailValueEstimate.mean": {
            "value": 31.5712947845459,
            "min": 16.2751522064209,
            "max": 39.88533401489258,
            "count": 25
        },
        "CarDriver.Policy.GailValueEstimate.sum": {
            "value": 11428.80859375,
            "min": 5728.853515625,
            "max": 13800.3251953125,
            "count": 25
        },
        "CarDriver.Losses.PolicyLoss.mean": {
            "value": 0.04621908917365465,
            "min": 0.038216027734482565,
            "max": 0.04864285366809845,
            "count": 25
        },
        "CarDriver.Losses.PolicyLoss.sum": {
            "value": 0.8781626942994384,
            "min": 0.7226231494569219,
            "max": 0.9242142196938705,
            "count": 25
        },
        "CarDriver.Losses.ValueLoss.mean": {
            "value": 102.55380086731492,
            "min": 74.51181918696355,
            "max": 143.9927397945471,
            "count": 25
        },
        "CarDriver.Losses.ValueLoss.sum": {
            "value": 1948.5222164789834,
            "min": 1415.7245645523074,
            "max": 2735.862056096395,
            "count": 25
        },
        "CarDriver.Policy.LearningRate.mean": {
            "value": 6.287276851642105e-06,
            "min": 6.287276851642105e-06,
            "max": 0.0002937280687573111,
            "count": 25
        },
        "CarDriver.Policy.LearningRate.sum": {
            "value": 0.0001194582601812,
            "min": 0.0001194582601812,
            "max": 0.005356906314364598,
            "count": 25
        },
        "CarDriver.Policy.Epsilon.mean": {
            "value": 0.10209572631578948,
            "min": 0.10209572631578948,
            "max": 0.19790935555555556,
            "count": 25
        },
        "CarDriver.Policy.Epsilon.sum": {
            "value": 1.9398188,
            "min": 1.9087630000000002,
            "max": 3.6856354000000002,
            "count": 25
        },
        "CarDriver.Policy.Beta.mean": {
            "value": 2.0269058947368422e-05,
            "min": 2.0269058947368422e-05,
            "max": 0.0004897558422222222,
            "count": 25
        },
        "CarDriver.Policy.Beta.sum": {
            "value": 0.00038511212,
            "min": 0.00038511212,
            "max": 0.008939613460000002,
            "count": 25
        },
        "CarDriver.Policy.GAILPolicyEstimate.mean": {
            "value": 0.4217574588562313,
            "min": 0.3574376174885976,
            "max": 0.5409497993503822,
            "count": 25
        },
        "CarDriver.Policy.GAILPolicyEstimate.sum": {
            "value": 8.013391718268394,
            "min": 6.765248176952203,
            "max": 9.851237781345846,
            "count": 25
        },
        "CarDriver.Policy.GAILExpertEstimate.mean": {
            "value": 0.5801949250070672,
            "min": 0.5463953073377963,
            "max": 0.6384376460000087,
            "count": 25
        },
        "CarDriver.Policy.GAILExpertEstimate.sum": {
            "value": 11.023703575134276,
            "min": 9.835115532080334,
            "max": 12.130315274000166,
            "count": 25
        },
        "CarDriver.Losses.GAILLoss.mean": {
            "value": 1.1653620705269931,
            "min": 0.9836623221635818,
            "max": 1.4325776994228363,
            "count": 25
        },
        "CarDriver.Losses.GAILLoss.sum": {
            "value": 22.14187934001287,
            "min": 18.612315699458122,
            "max": 25.786398589611053,
            "count": 25
        },
        "CarDriver.Policy.GAILGradMagLoss.mean": {
            "value": 0.017866961259738003,
            "min": 0.017073170163488964,
            "max": 2.4944769334174506,
            "count": 25
        },
        "CarDriver.Policy.GAILGradMagLoss.sum": {
            "value": 0.33947226393502206,
            "min": 0.32439023310629034,
            "max": 44.90058480151411,
            "count": 25
        },
        "CarDriver.Losses.PretrainingLoss.mean": {
            "value": 0.5827703468522207,
            "min": 0.5827703468522207,
            "max": 0.7793493444575668,
            "count": 25
        },
        "CarDriver.Losses.PretrainingLoss.sum": {
            "value": 11.072636590192193,
            "min": 10.554589395983177,
            "max": 14.028288200236203,
            "count": 25
        },
        "CarDriver.Environment.EpisodeLength.mean": {
            "value": 201.77227722772278,
            "min": 168.46153846153845,
            "max": 264.94805194805195,
            "count": 25
        },
        "CarDriver.Environment.EpisodeLength.sum": {
            "value": 20379.0,
            "min": 17382.0,
            "max": 23170.0,
            "count": 25
        },
        "CarDriver.Environment.CumulativeReward.mean": {
            "value": 124.03960396039604,
            "min": 60.689320388349515,
            "max": 149.11688311688312,
            "count": 25
        },
        "CarDriver.Environment.CumulativeReward.sum": {
            "value": 12528.0,
            "min": 6251.0,
            "max": 12528.0,
            "count": 25
        },
        "CarDriver.Policy.ExtrinsicReward.mean": {
            "value": 124.03960396039604,
            "min": 60.689320388349515,
            "max": 149.11688311688312,
            "count": 25
        },
        "CarDriver.Policy.ExtrinsicReward.sum": {
            "value": 12528.0,
            "min": 6251.0,
            "max": 12528.0,
            "count": 25
        },
        "CarDriver.Policy.GailReward.mean": {
            "value": 98.94783143182792,
            "min": 73.74480849215128,
            "max": 160.870218379931,
            "count": 25
        },
        "CarDriver.Policy.GailReward.sum": {
            "value": 9993.73097461462,
            "min": 7595.715274691582,
            "max": 12387.006815254688,
            "count": 25
        },
        "CarDriver.IsTraining.mean": {
            "value": 1.0,
            "min": 1.0,
            "max": 1.0,
            "count": 25
        },
        "CarDriver.IsTraining.sum": {
            "value": 1.0,
            "min": 1.0,
            "max": 1.0,
            "count": 25
        }
    },
    "metadata": {
        "timer_format_version": "0.1.0",
        "start_time_seconds": "1751214915",
        "python_version": "3.8.0 (tags/v3.8.0:fa919fd, Oct 14 2019, 19:37:50) [MSC v.1916 64 bit (AMD64)]",
        "command_line_arguments": "C:\\Users\\vanos\\OneDrive\\Desktop\\Uni Stuff\\Y3\\Redo\\Advanced Tools\\Git Project\\MLAdvancedTools\\venv\\Scripts\\mlagents-learn config/CarDriver.yaml --run-id=FullTrackImi5",
        "mlagents_version": "0.29.0",
        "mlagents_envs_version": "0.29.0",
        "communication_protocol_version": "1.5.0",