{
    "name": "root",
    "gauges": {
        "CarDriver.Policy.Entropy.mean": {
            "value": 4.262982368469238,
            "min": 4.252770900726318,
            "max": 4.263916969299316,
            "count": 10
        },
        "CarDriver.Policy.Entropy.sum": {
            "value": 213353.734375,
            "min": 212106.34375,
            "max": 213400.515625,
            "count": 10
        },
        "CarDriver.Step.mean": {
            "value": 499936.0,
            "min": 49984.0,
            "max": 499936.0,
            "count": 10
        },
        "CarDriver.Step.sum": {
            "value": 499936.0,
            "min": 49984.0,
            "max": 499936.0,
            "count": 10
        },
        "CarDriver.Policy.ExtrinsicValueEstimate.mean": {
            "value": 0.024659067392349243,
            "min": -0.10918093472719193,
            "max": 0.04170544445514679,
            "count": 10
        },
        "CarDriver.Policy.ExtrinsicValueEstimate.sum": {
            "value": 19.702594757080078,
            "min": -87.23556518554688,
            "max": 33.364356994628906,
            "count": 10
        },
        "CarDriver.Losses.PolicyLoss.mean": {
            "value": 0.024151734995927352,
            "min": 0.020660427381759897,
            "max": 0.02772414665708008,
            "count": 10
        },
        "CarDriver.Losses.PolicyLoss.sum": {
            "value": 0.12075867497963676,
            "min": 0.08264170952703959,
            "max": 0.1386207332854004,
            "count": 10
        },
        "CarDriver.Losses.ValueLoss.mean": {
            "value": 0.015020813072721162,
            "min": 0.015020813072721162,
            "max": 0.01947730309329927,
            "count": 10
        },
        "CarDriver.Losses.ValueLoss.sum": {
            "value": 0.07510406536360581,
            "min": 0.06697831513981024,
            "max": 0.09102289617682496,
            "count": 10
        },
        "CarDriver.Policy.LearningRate.mean": {
            "value": 1.6435294521600004e-05,
            "min": 1.6435294521600004e-05,
            "max": 0.00028413120528959996,
            "count": 10
        },
        "CarDriver.Policy.LearningRate.sum": {
            "value": 8.217647260800002e-05,
            "min": 8.217647260800002e-05,
            "max": 0.0012792192735935999,
            "count": 10
        },
        "CarDriver.Policy.Epsilon.mean": {
            "value": 0.10547840000000001,
            "min": 0.10547840000000001,
            "max": 0.1947104,
            "count": 10
        },
        "CarDriver.Policy.Epsilon.sum": {
            "value": 0.5273920000000001,
            "min": 0.45969920000000003,
            "max": 0.9264063999999999,
            "count": 10
        },
        "CarDriver.Policy.Beta.mean": {
            "value": 0.00028337216000000006,
            "min": 0.00028337216000000006,
            "max": 0.004736048960000001,
            "count": 10
        },
        "CarDriver.Policy.Beta.sum": {
            "value": 0.0014168608000000003,
            "min": 0.0014168608000000003,
            "max": 0.021327679359999997,
            "count": 10
        },
        "CarDriver.Environment.EpisodeLength.mean": {
            "value": 1499.0,
            "min": 1499.0,
            "max": 1499.0,
            "count": 10
        },
        "CarDriver.Environment.EpisodeLength.sum": {
            "value": 47968.0,
            "min": 47968.0,
            "max": 59960.0,
            "count": 10
        },
        "CarDriver.Environment.CumulativeReward.mean": {
            "value": 0.5,
            "min": -0.625,
            "max": 0.6060606060606061,
            "count": 10
        },
        "CarDriver.Environment.CumulativeReward.sum": {
            "value": 16.0,
            "min": -20.0,
            "max": 20.0,
            "count": 10
        },
        "CarDriver.Policy.ExtrinsicReward.mean": {
            "value": 0.5,
            "min": -0.625,
            "max": 0.6060606060606061,
            "count": 10
        },
        "CarDriver.Policy.ExtrinsicReward.sum": {
            "value": 16.0,
            "min": -20.0,
            "max": 20.0,
            "count": 10
        },
        "CarDriver.IsTraining.mean": {
            "value": 1.0,
            "min": 1.0,
            "max": 1.0,
            "count": 10
        },
        "CarDriver.IsTraining.sum": {
            "value": 1.0,
            "min": 1.0,
            "max": 1.0,
            "count": 10
        }
    },
    "metadata": {
        "timer_format_version": "0.1.0",
        "start_time_seconds": "1751127132",
        "python_version": "3.8.0 (tags/v3.8.0:fa919fd, Oct 14 2019, 19:37:50) [MSC v.1916 64 bit (AMD64)]",
        "command_line_arguments": "C:\\Users\\vanos\\OneDrive\\Desktop\\Uni Stuff\\Y3\\Redo\\Advanced Tools\\Git Project\\MLAdvancedTools\\venv\\Scripts\\mlagents-learn --run-id=FixedTest3",
        "mlagents_version": "0.29.0",
        "mlagents_envs_version": "0.29.0",
        "communication_protocol_version": "1.5.0",
        "pytorch_version": "2.4.1+cpu",
        "numpy_version": "1.21.2",
        "end_time_seconds": "1751127675"
    },
    "total": 543.1303254000001,
    "count": 1,
    "self": 0.007318800000007286,
    "children": {
        "run_training.setup": {
            "total": 0.12770139999999985,
            "count": 1,
            "self": 0.12770139999999985
        },
        "TrainerController.start_learning": {
            "total": 542.9953052000001,
            "count": 1,
            "self": 1.1762005000023237,
            "children": {
                "TrainerController._reset_env": {
                    "total": 8.619743499999998,
                    "count": 1,
                    "self": 8.619743499999998
                },
                "TrainerController.advance": {
                    "total": 533.0957972999977,
                    "count": 62524,
                    "self": 1.033283299988625,
                    "children": {
                        "env_step": {
                            "total": 382.0615828000047,
                            "count": 62524,
                            "self": 248.7163727999981,
                            "children": {
                                "SubprocessEnvManager._take_step": {
                                    "total": 132.57543570000408,
                                    "count": 62524,
                                    "self": 2.960006800005857,
                                    "children": {
                                        "TorchPolicy.evaluate": {
                                            "total": 129.61542889999822,
                                            "count": 62524,
                                            "self": 17.83970429999205,
                                            "children": {
                                                "TorchPolicy.sample_actions": {
                                                    "total": 111.77572460000617,
                                                    "count": 62524,
                                                    "self": 111.77572460000617
                                                }
                                            }
                                        }
                                    }
                                },
                                "workers": {
                                    "total": 0.769774300002517,
                                    "count": 62524,
                                    "self": 0.0,
                                    "children": {
                                        "worker_root": {
                                            "total": 533.3180231999967,
                                            "count": 62524,
                                            "is_parallel": true,
                                            "self": 345.7936291999911,