{
    "name": "root",
    "gauges": {
        "CarDriver.Policy.Entropy.mean": {
            "value": 3.2244668006896973,
            "min": 3.2244668006896973,
            "max": 3.2244668006896973,
            "count": 1
        },
        "CarDriver.Policy.Entropy.sum": {
            "value": 66037.078125,
            "min": 66037.078125,
            "max": 66037.078125,
            "count": 1
        },
        "CarDriver.Step.mean": {
            "value": 19994.0,
            "min": 19994.0,
            "max": 19994.0,
            "count": 1
        },
        "CarDriver.Step.sum": {
            "value": 19994.0,
            "min": 19994.0,
            "max": 19994.0,
            "count": 1
        },
        "CarDriver.Policy.ExtrinsicValueEstimate.mean": {
            "value": -0.03135034441947937,
            "min": -0.03135034441947937,
            "max": -0.03135034441947937,
            "count": 1
        },
        "CarDriver.Policy.ExtrinsicValueEstimate.sum": {
            "value": -9.812657356262207,
            "min": -9.812657356262207,
            "max": -9.812657356262207,
            "count": 1
        },
        "CarDriver.Policy.GailValueEstimate.mean": {
            "value": 17.588523864746094,
            "min": 17.588523864746094,
            "max": 17.588523864746094,
            "count": 1
        },
        "CarDriver.Policy.GailValueEstimate.sum": {
            "value": 5505.2080078125,
            "min": 5505.2080078125,
            "max": 5505.2080078125,
            "count": 1
        },
        "CarDriver.Losses.PolicyLoss.mean": {
            "value": 0.04777116833887019,
            "min": 0.04777116833887019,
            "max": 0.04777116833887019,
            "count": 1
        },
        "CarDriver.Losses.PolicyLoss.sum": {
            "value": 0.6210251884053125,
            "min": 0.6210251884053125,
            "max": 0.6210251884053125,
            "count": 1
        },
        "CarDriver.Losses.ValueLoss.mean": {
            "value": 41.934397268295285,
            "min": 41.934397268295285,
            "max": 41.934397268295285,
            "count": 1
        },
        "CarDriver.Losses.ValueLoss.sum": {
            "value": 545.1471644878387,
            "min": 545.1471644878387,
            "max": 545.1471644878387,
            "count": 1
        },
        "CarDriver.Policy.LearningRate.mean": {
            "value": 0.0002935966175190769,
            "min": 0.0002935966175190769,
            "max": 0.0002935966175190769,
            "count": 1
        },
        "CarDriver.Policy.LearningRate.sum": {
            "value": 0.003816756027748,
            "min": 0.003816756027748,
            "max": 0.003816756027748,
            "count": 1
        },
        "CarDriver.Policy.Epsilon.mean": {
            "value": 0.19786553846153845,
            "min": 0.19786553846153845,
            "max": 0.19786553846153845,
            "count": 1
        },
        "CarDriver.Policy.Epsilon.sum": {
            "value": 2.5722519999999998,
            "min": 2.5722519999999998,
            "max": 2.5722519999999998,
            "count": 1
        },
        "CarDriver.Policy.Beta.mean": {
            "value": 0.0004895411384615385,
            "min": 0.0004895411384615385,
            "max": 0.0004895411384615385,
            "count": 1
        },
        "CarDriver.Policy.Beta.sum": {
            "value": 0.0063640348000000005,
            "min": 0.0063640348000000005,
            "max": 0.0063640348000000005,
            "count": 1
        },
        "CarDriver.Policy.GAILPolicyEstimate.mean": {
            "value": 0.4541578453320723,
            "min": 0.4541578453320723,
            "max": 0.4541578453320723,
            "count": 1
        },
        "CarDriver.Policy.GAILPolicyEstimate.sum": {
            "value": 5.90405198931694,
            "min": 5.90405198931694,
            "max": 5.90405198931694,
            "count": 1
        },
        "CarDriver.Policy.GAILExpertEstimate.mean": {
            "value": 0.5128789392801433,
            "min": 0.5128789392801433,
            "max": 0.5128789392801433,
            "count": 1
        },
        "CarDriver.Policy.GAILExpertEstimate.sum": {
            "value": 6.667426210641862,
            "min": 6.667426210641862,
            "max": 6.667426210641862,
            "count": 1
        },
        "CarDriver.Losses.GAILLoss.mean": {
            "value": 1.3205612885646332,
            "min": 1.3205612885646332,
            "max": 1.3205612885646332,
            "count": 1
        },
        "CarDriver.Losses.GAILLoss.sum": {
            "value": 17.16729675134023,
            "min": 17.16729675134023,
            "max": 17.16729675134023,
            "count": 1
        },
        "CarDriver.Policy.GAILGradMagLoss.mean": {
            "value": 2.386657403224808,
            "min": 2.386657403224808,
            "max": 2.386657403224808,
            "count": 1
        },
        "CarDriver.Policy.GAILGradMagLoss.sum": {
            "value": 31.026546241922503,
            "min": 31.026546241922503,
            "max": 31.026546241922503,
            "count": 1
        },
        "CarDriver.Losses.PretrainingLoss.mean": {
            "value": 0.6229334737245853,
            "min": 0.6229334737245853,
            "max": 0.6229334737245853,
            "count": 1
        },
        "CarDriver.Losses.PretrainingLoss.sum": {
            "value": 8.098135158419609,
            "min": 8.098135158419609,
            "max": 8.098135158419609,
            "count": 1
        },
        "CarDriver.Environment.EpisodeLength.mean": {
            "value": 2137.0,
            "min": 2137.0,
            "max": 2137.0,
            "count": 1
        },
        "CarDriver.Environment.EpisodeLength.sum": {
            "value": 2137.0,
            "min": 2137.0,
            "max": 2137.0,
            "count": 1
        },
        "CarDriver.Environment.CumulativeReward.mean": {
            "value": -3.0,
            "min": -3.0,
            "max": -3.0,
            "count": 1
        },
        "CarDriver.Environment.CumulativeReward.sum": {
            "value": -3.0,
            "min": -3.0,
            "max": -3.0,
            "count": 1
        },
        "CarDriver.Policy.ExtrinsicReward.mean": {
            "value": -3.0,
            "min": -3.0,
            "max": -3.0,
            "count": 1
        },
        "CarDriver.Policy.ExtrinsicReward.sum": {
            "value": -3.0,
            "min": -3.0,
            "max": -3.0,
            "count": 1
        },
        "CarDriver.Policy.GailReward.mean": {
            "value": 1109.6899528503418,
            "min": 1109.6899528503418,
            "max": 1109.6899528503418,
            "count": 1
        },
        "CarDriver.Policy.GailReward.sum": {
            "value": 1109.6899528503418,
            "min": 1109.6899528503418,
            "max": 1109.6899528503418,
            "count": 1
        },
        "CarDriver.IsTraining.mean": {
            "value": 1.0,
            "min": 1.0,
            "max": 1.0,
            "count": 1
        },
        "CarDriver.IsTraining.sum": {
            "value": 1.0,
            "min": 1.0,
            "max": 1.0,
            "count": 1
        }
    },
    "metadata": {
        "timer_format_version": "0.1.0",
        "start_time_seconds": "1751170046",
        "python_version": "3.8.0 (tags/v3.8.0:fa919fd, Oct 14 2019, 19:37:50) [MSC v.1916 64 bit (AMD64)]",
        "command_line_arguments": "C:\\Users\\vanos\\OneDrive\\Desktop\\Uni Stuff\\Y3\\Redo\\Advanced Tools\\Git Project\\MLAdvancedTools\\venv\\Scripts\\mlagents-learn config/CarDriver.yaml --run-id=ImitationTestFixed2",
        "mlagents_version": "0.29.0",
        "mlagents_envs_version": "0.29.0",
        "communication_protocol_version": "1.5.0",
        "pytorch_version": "2.4.1+cpu",
        "numpy_version": "1.21.2",
        "end_time_seconds": "1751170168"
    },
    "total": 121.3987901,
    "count": 1,