{
    "name": "root",
    "gauges": {
        "CarDriver.Policy.Entropy.mean": {
            "value": 2.401578426361084,
            "min": 2.188959836959839,
            "max": 3.793303966522217,
            "count": 25
        },
        "CarDriver.Policy.Entropy.sum": {
            "value": 48204.484375,
            "min": 43709.1484375,
            "max": 77686.8671875,
            "count": 25
        },
        "CarDriver.Step.mean": {
            "value": 499962.0,
            "min": 19968.0,
            "max": 499962.0,
            "count": 25
        },
        "CarDriver.Step.sum": {
            "value": 499962.0,
            "min": 19968.0,
            "max": 499962.0,
            "count": 25
        },
        "CarDriver.Policy.ExtrinsicValueEstimate.mean": {
            "value": -0.29176148772239685,
            "min": -0.29176148772239685,
            "max": -0.014179596677422523,
            "count": 25
        },
        "CarDriver.Policy.ExtrinsicValueEstimate.sum": {
            "value": -91.32134246826172,
            "min": -91.32134246826172,
            "max": -4.424034118652344,
            "count": 25
        },
        "CarDriver.Policy.GailValueEstimate.mean": {
            "value": 22.61309051513672,
            "min": 14.504175186157227,
            "max": 28.806297302246094,
            "count": 25
        },
        "CarDriver.Policy.GailValueEstimate.sum": {
            "value": 7077.8974609375,
            "min": 4525.302734375,
            "max": 9073.9833984375,
            "count": 25
        },
        "CarDriver.Losses.PolicyLoss.mean": {
            "value": 0.04581496028684476,
            "min": 0.039816967063945614,
            "max": 0.04713298573244087,
            "count": 25
        },
        "CarDriver.Losses.PolicyLoss.sum": {
            "value": 0.8246692851632057,
            "min": 0.5538297770404218,
            "max": 0.8246692851632057,
            "count": 25
        },
        "CarDriver.Losses.ValueLoss.mean": {
            "value": 6.663385829329489,
            "min": 1.4455231185091864,
            "max": 12.750990632762257,
            "count": 25
        },
        "CarDriver.Losses.ValueLoss.sum": {
            "value": 119.94094492793081,
            "min": 19.836637605230017,
            "max": 165.76287822590933,
            "count": 25
        },
        "CarDriver.Policy.LearningRate.mean": {
            "value": 5.910898029733336e-06,
            "min": 5.910898029733336e-06,
            "max": 0.00029354880215040006,
            "count": 25
        },
        "CarDriver.Policy.LearningRate.sum": {
            "value": 0.00010639616453520004,
            "min": 0.00010639616453520004,
            "max": 0.003939504286832,
            "count": 25
        },
        "CarDriver.Policy.Epsilon.mean": {
            "value": 0.10197026666666668,
            "min": 0.10197026666666668,
            "max": 0.19784959999999996,
            "count": 25
        },
        "CarDriver.Policy.Epsilon.sum": {
            "value": 1.8354648000000002,
            "min": 1.8016812000000004,
            "max": 2.913168,
            "count": 25
        },
        "CarDriver.Policy.Beta.mean": {
            "value": 1.9654306666666672e-05,
            "min": 1.9654306666666672e-05,
            "max": 0.00048946304,
            "count": 25
        },
        "CarDriver.Policy.Beta.sum": {
            "value": 0.0003537775200000001,
            "min": 0.0003537775200000001,
            "max": 0.006594523200000001,
            "count": 25
        },
        "CarDriver.Policy.GAILPolicyEstimate.mean": {
            "value": 0.34983337372541423,
            "min": 0.3290911746667881,
            "max": 0.43870189696805095,
            "count": 25
        },
        "CarDriver.Policy.GAILPolicyEstimate.sum": {
            "value": 6.297000727057457,
            "min": 5.423820527063476,
            "max": 6.7200665762027105,
            "count": 25
        },
        "CarDriver.Policy.GAILExpertEstimate.mean": {
            "value": 0.6542814728838426,
            "min": 0.5415112808728829,
            "max": 0.657913244062779,
            "count": 25
        },
        "CarDriver.Policy.GAILExpertEstimate.sum": {
            "value": 11.777066511909167,
            "min": 7.039646651347478,
            "max": 11.777066511909167,
            "count": 25
        },
        "CarDriver.Losses.GAILLoss.mean": {
            "value": 0.9877371161624237,
            "min": 0.9399907452218672,
            "max": 1.2497516722760649,
            "count": 25
        },
        "CarDriver.Losses.GAILLoss.sum": {
            "value": 17.779268090923626,
            "min": 15.275717723369599,
            "max": 18.407560567061108,
            "count": 25
        },
        "CarDriver.Policy.GAILGradMagLoss.mean": {
            "value": 0.026707894490445375,
            "min": 0.026707894490445375,
            "max": 2.3789689502336526,
            "count": 25
        },
        "CarDriver.Policy.GAILGradMagLoss.sum": {
            "value": 0.48074210082801677,
            "min": 0.48074210082801677,
            "max": 30.926596353037485,
            "count": 25
        },
        "CarDriver.Losses.PretrainingLoss.mean": {
            "value": 0.4201984522795235,
            "min": 0.4201984522795235,
            "max": 0.6958766965529857,
            "count": 25
        },
        "CarDriver.Losses.PretrainingLoss.sum": {
            "value": 7.563572141031424,
            "min": 6.635478054483732,
            "max": 9.046397055188814,
            "count": 25
        },
        "CarDriver.IsTraining.mean": {
            "value": 1.0,
            "min": 1.0,
            "max": 1.0,
            "count": 25
        },
        "CarDriver.IsTraining.sum": {
            "value": 1.0,
            "min": 1.0,
            "max": 1.0,
            "count": 25
        },
        "CarDriver.Environment.EpisodeLength.mean": {
            "value": 3499.0,
            "min": 3418.875,
            "max": 3499.0,
            "count": 19
        },
        "CarDriver.Environment.EpisodeLength.sum": {
            "value": 3499.0,
            "min": 3499.0,
            "max": 27992.0,
            "count": 19
        },
        "CarDriver.Environment.CumulativeReward.mean": {
            "value": -8.0,
            "min": -8.125,
            "max": -4.0,
            "count": 19
        },
        "CarDriver.Environment.CumulativeReward.sum": {
            "value": -8.0,
            "min": -65.0,
            "max": -4.0,
            "count": 19
        },
        "CarDriver.Policy.ExtrinsicReward.mean": {
            "value": -8.0,
            "min": -8.125,
            "max": -4.0,
            "count": 19
        },
        "CarDriver.Policy.ExtrinsicReward.sum": {
            "value": -8.0,
            "min": -65.0,
            "max": -4.0,
            "count": 19
        },
        "CarDriver.Policy.GailReward.mean": {
            "value": 562.3370547294617,
            "min": 562.3370547294617,
            "max": 1059.8395863771439,
            "count": 19
        },
        "CarDriver.Policy.GailReward.sum": {
            "value": 562.3370547294617,
            "min": 562.3370547294617,
            "max": 8478.71669101715,
            "count": 19
        }
    },
    "metadata": {
        "timer_format_version": "0.1.0",
        "start_time_seconds": "1751172666",
        "python_version": "3.8.0 (tags/v3.8.0:fa919fd, Oct 14 2019, 19:37:50) [MSC v.1916 64 bit (AMD64)]",
        "command_line_arguments": "C:\\Users\\vanos\\OneDrive\\Desktop\\Uni Stuff\\Y3\\Redo\\Advanced Tools\\Git Project\\MLAdvancedTools\\venv\\Scripts\\mlagents-learn config/CarDriver.yaml --run-id=ImitationFinalTests",
        "mlagents_version": "0.29.0",
        "mlagents_envs_version": "0.29.0",
        "communication_protocol_version": "1.5.0",
        "pytorch_version": "2.4.1+cpu",
        "numpy_version": "1.21.2",
        "end_time_seconds": "1751173330"
    },