{
    "name": "root",
    "gauges": {
        "CarDriver.Policy.Entropy.mean": {
            "value": 1.5774481296539307,
            "min": 1.5774481296539307,
            "max": 2.1762402057647705,
            "count": 25
        },
        "CarDriver.Policy.Entropy.sum": {
            "value": 31410.146484375,
            "min": 31410.146484375,
            "max": 44569.3984375,
            "count": 25
        },
        "CarDriver.Step.mean": {
            "value": 499970.0,
            "min": 19993.0,
            "max": 499970.0,
            "count": 25
        },
        "CarDriver.Step.sum": {
            "value": 499970.0,
            "min": 19993.0,
            "max": 499970.0,
            "count": 25
        },
        "CarDriver.Policy.ExtrinsicValueEstimate.mean": {
            "value": -37.26220703125,
            "min": -40.596435546875,
            "max": -0.2709384560585022,
            "count": 25
        },
        "CarDriver.Policy.ExtrinsicValueEstimate.sum": {
            "value": -13377.1328125,
            "min": -14168.15625,
            "max": -84.8037338256836,
            "count": 25
        },
        "CarDriver.Policy.GailValueEstimate.mean": {
            "value": 1.8414385318756104,
            "min": 1.675862431526184,
            "max": 3.9343085289001465,
            "count": 25
        },
        "CarDriver.Policy.GailValueEstimate.sum": {
            "value": 661.076416015625,
            "min": 603.6220703125,
            "max": 1251.110107421875,
            "count": 25
        },
        "CarDriver.Losses.PolicyLoss.mean": {
            "value": 0.0429344783565683,
            "min": 0.039712355130560394,
            "max": 0.04996549374718443,
            "count": 25
        },
        "CarDriver.Losses.PolicyLoss.sum": {
            "value": 0.8157550887747977,
            "min": 0.6495514187133976,
            "max": 0.9124894140404649,
            "count": 25
        },
        "CarDriver.Losses.ValueLoss.mean": {
            "value": 158.2552109266582,
            "min": 0.22695050395261018,
            "max": 158.2552109266582,
            "count": 25
        },
        "CarDriver.Losses.ValueLoss.sum": {
            "value": 3006.849007606506,
            "min": 2.9503565513839325,
            "max": 3006.849007606506,
            "count": 25
        },
        "CarDriver.Policy.LearningRate.mean": {
            "value": 5.9323611804736815e-06,
            "min": 5.9323611804736815e-06,
            "max": 0.0002935967098267385,
            "count": 25
        },
        "CarDriver.Policy.LearningRate.sum": {
            "value": 0.00011271486242899995,
            "min": 0.00011271486242899995,
            "max": 0.004790469103176999,
            "count": 25
        },
        "CarDriver.Policy.Epsilon.mean": {
            "value": 0.10197742105263159,
            "min": 0.10197742105263159,
            "max": 0.1978655692307692,
            "count": 25
        },
        "CarDriver.Policy.Epsilon.sum": {
            "value": 1.9375710000000002,
            "min": 1.9375710000000002,
            "max": 3.3469918000000005,
            "count": 25
        },
        "CarDriver.Policy.Beta.mean": {
            "value": 1.968936315789473e-05,
            "min": 1.968936315789473e-05,
            "max": 0.0004895412892307692,
            "count": 25
        },
        "CarDriver.Policy.Beta.sum": {
            "value": 0.0003740978999999999,
            "min": 0.0003740978999999999,
            "max": 0.0079944327,
            "count": 25
        },
        "CarDriver.Policy.GAILPolicyEstimate.mean": {
            "value": 0.39616982076774565,
            "min": 0.35405945673323513,
            "max": 0.5433892342779371,
            "count": 25
        },
        "CarDriver.Policy.GAILPolicyEstimate.sum": {
            "value": 7.527226594587168,
            "min": 6.727129677931468,
            "max": 8.909402194122473,
            "count": 25
        },
        "CarDriver.Policy.GAILExpertEstimate.mean": {
            "value": 0.6127733128112659,
            "min": 0.5335468345305374,
            "max": 0.6490842203299205,
            "count": 25
        },
        "CarDriver.Policy.GAILExpertEstimate.sum": {
            "value": 11.642692943414053,
            "min": 7.447160013185607,
            "max": 12.492625017960869,
            "count": 25
        },
        "CarDriver.Losses.GAILLoss.mean": {
            "value": 1.0905524863485703,
            "min": 0.9729166428248086,
            "max": 1.3875055386979356,
            "count": 25
        },
        "CarDriver.Losses.GAILLoss.sum": {
            "value": 20.720497240622837,
            "min": 18.037572003073162,
            "max": 24.58193494876226,
            "count": 25
        },
        "CarDriver.Policy.GAILGradMagLoss.mean": {
            "value": 0.019556356926873453,
            "min": 0.01283803268840226,
            "max": 2.4984309321428593,
            "count": 25
        },
        "CarDriver.Policy.GAILGradMagLoss.sum": {
            "value": 0.37157078161059565,
            "min": 0.2310845883912407,
            "max": 32.47960211785717,
            "count": 25
        },
        "CarDriver.Losses.PretrainingLoss.mean": {
            "value": 0.7287341909945726,
            "min": 0.7287341909945726,
            "max": 1.0156245299196436,
            "count": 25
        },
        "CarDriver.Losses.PretrainingLoss.sum": {
            "value": 13.845949628896879,
            "min": 13.203118888955366,
            "max": 16.261462819157988,
            "count": 25
        },
        "CarDriver.Environment.EpisodeLength.mean": {
            "value": 201.91,
            "min": 185.56190476190477,
            "max": 4763.428571428572,
            "count": 25
        },
        "CarDriver.Environment.EpisodeLength.sum": {
            "value": 20191.0,
            "min": 2136.0,
            "max": 37662.0,
            "count": 25
        },
        "CarDriver.Environment.CumulativeReward.mean": {
            "value": -117.61236433833838,
            "min": -198.24478680575103,
            "max": -9.958773722872138,
            "count": 25
        },
        "CarDriver.Environment.CumulativeReward.sum": {
            "value": -11761.236433833838,
            "min": -11761.236433833838,
            "max": -9.958773722872138,
            "count": 25
        },
        "CarDriver.Policy.ExtrinsicReward.mean": {
            "value": -117.61236433833838,
            "min": -198.24478680575103,
            "max": -9.958773722872138,
            "count": 25
        },
        "CarDriver.Policy.ExtrinsicReward.sum": {
            "value": -11761.236433833838,
            "min": -11761.236433833838,
            "max": -9.958773722872138,
            "count": 25
        },
        "CarDriver.Policy.GailReward.mean": {
            "value": 5.908404757804237,
            "min": 4.989857286030321,
            "max": 194.08736364330565,
            "count": 25
        },
        "CarDriver.Policy.GailReward.sum": {
            "value": 590.8404757804237,
            "min": 75.2245734333992,
            "max": 1358.6115455031395,
            "count": 25
        },
        "CarDriver.IsTraining.mean": {
            "value": 1.0,
            "min": 1.0,
            "max": 1.0,
            "count": 25
        },
        "CarDriver.IsTraining.sum": {
            "value": 1.0,
            "min": 1.0,
            "max": 1.0,
            "count": 25
        }
    },
    "metadata": {
        "timer_format_version": "0.1.0",
        "start_time_seconds": "1751221916",
        "python_version": "3.8.0 (tags/v3.8.0:fa919fd, Oct 14 2019, 19:37:50) [MSC v.1916 64 bit (AMD64)]",
        "command_line_arguments": "C:\\Users\\vanos\\OneDrive\\Desktop\\Uni Stuff\\Y3\\Redo\\Advanced Tools\\Git Project\\MLAdvancedTools\\venv\\Scripts\\mlagents-learn config/CarDriver.yaml --run-id=TestNoImitation",
        "mlagents_version": "0.29.0",