{
    "name": "root",
    "gauges": {
        "CarDriver.Policy.Entropy.mean": {
            "value": 0.7331666946411133,
            "min": 0.7331666946411133,
            "max": 1.8060418367385864,
            "count": 25
        },
        "CarDriver.Policy.Entropy.sum": {
            "value": 14634.0078125,
            "min": 14634.0078125,
            "max": 36438.69921875,
            "count": 25
        },
        "CarDriver.Step.mean": {
            "value": 499988.0,
            "min": 19980.0,
            "max": 499988.0,
            "count": 25
        },
        "CarDriver.Step.sum": {
            "value": 499988.0,
            "min": 19980.0,
            "max": 499988.0,
            "count": 25
        },
        "CarDriver.Policy.ExtrinsicValueEstimate.mean": {
            "value": -0.5753597021102905,
            "min": -0.5753597021102905,
            "max": 0.15090368688106537,
            "count": 25
        },
        "CarDriver.Policy.ExtrinsicValueEstimate.sum": {
            "value": -292.85809326171875,
            "min": -292.85809326171875,
            "max": 60.059669494628906,
            "count": 25
        },
        "CarDriver.Policy.GailValueEstimate.mean": {
            "value": 1.8256341218948364,
            "min": 1.7400050163269043,
            "max": 7.925187587738037,
            "count": 25
        },
        "CarDriver.Policy.GailValueEstimate.sum": {
            "value": 929.2477416992188,
            "min": 873.4825439453125,
            "max": 3154.224609375,
            "count": 25
        },
        "CarDriver.Losses.PolicyLoss.mean": {
            "value": 0.042921149646740805,
            "min": 0.040005504470236854,
            "max": 0.04998409937916062,
            "count": 25
        },
        "CarDriver.Losses.PolicyLoss.sum": {
            "value": 0.8155018432880753,
            "min": 0.7601045849345003,
            "max": 0.9496978882040518,
            "count": 25
        },
        "CarDriver.Losses.ValueLoss.mean": {
            "value": 4.286622367145722,
            "min": 1.1217554593295382,
            "max": 14.420031434959835,
            "count": 25
        },
        "CarDriver.Losses.ValueLoss.sum": {
            "value": 81.44582497576872,
            "min": 21.313353727261227,
            "max": 245.1405343943172,
            "count": 25
        },
        "CarDriver.Policy.LearningRate.mean": {
            "value": 5.989108529978948e-06,
            "min": 5.989108529978948e-06,
            "max": 0.00029326500224499994,
            "count": 25
        },
        "CarDriver.Policy.LearningRate.sum": {
            "value": 0.00011379306206960002,
            "min": 0.00011379306206960002,
            "max": 0.0053539189153603995,
            "count": 25
        },
        "CarDriver.Policy.Epsilon.mean": {
            "value": 0.10199633684210527,
            "min": 0.10199633684210527,
            "max": 0.197755,
            "count": 25
        },
        "CarDriver.Policy.Epsilon.sum": {
            "value": 1.9379304000000002,
            "min": 1.9379304000000002,
            "max": 3.6846396,
            "count": 25
        },
        "CarDriver.Policy.Beta.mean": {
            "value": 1.9782050526315795e-05,
            "min": 1.9782050526315795e-05,
            "max": 0.0004889995,
            "count": 25
        },
        "CarDriver.Policy.Beta.sum": {
            "value": 0.0003758589600000001,
            "min": 0.0003758589600000001,
            "max": 0.00893473404,
            "count": 25
        },
        "CarDriver.Policy.GAILPolicyEstimate.mean": {
            "value": 0.20587520575837084,
            "min": 0.20587520575837084,
            "max": 0.43081668389388944,
            "count": 25
        },
        "CarDriver.Policy.GAILPolicyEstimate.sum": {
            "value": 3.911628909409046,
            "min": 3.8330269617338977,
            "max": 7.32388362619612,
            "count": 25
        },
        "CarDriver.Policy.GAILExpertEstimate.mean": {
            "value": 0.7881538512413961,
            "min": 0.611125250462613,
            "max": 0.7881538512413961,
            "count": 25
        },
        "CarDriver.Policy.GAILExpertEstimate.sum": {
            "value": 14.974923173586527,
            "min": 10.389129257864422,
            "max": 14.974923173586527,
            "count": 25
        },
        "CarDriver.Losses.GAILLoss.mean": {
            "value": 0.6027549680387765,
            "min": 0.6027549680387765,
            "max": 1.1074265904870688,
            "count": 25
        },
        "CarDriver.Losses.GAILLoss.sum": {
            "value": 11.452344392736753,
            "min": 11.103217134873072,
            "max": 18.82625203828017,
            "count": 25
        },
        "CarDriver.Policy.GAILGradMagLoss.mean": {
            "value": 0.02382295308716334,
            "min": 0.022234330995400484,
            "max": 2.012074271496994,
            "count": 25
        },
        "CarDriver.Policy.GAILGradMagLoss.sum": {
            "value": 0.45263610865610343,
            "min": 0.4224522889126092,
            "max": 34.205262615448895,
            "count": 25
        },
        "CarDriver.Losses.PretrainingLoss.mean": {
            "value": 0.5569124086732754,
            "min": 0.5569124086732754,
            "max": 0.765109269447576,
            "count": 25
        },
        "CarDriver.Losses.PretrainingLoss.sum": {
            "value": 10.581335764792232,
            "min": 10.307172142797047,
            "max": 13.006857580608791,
            "count": 25
        },
        "CarDriver.Environment.EpisodeLength.mean": {
            "value": 73.67041198501873,
            "min": 68.06574394463668,
            "max": 140.52142857142857,
            "count": 25
        },
        "CarDriver.Environment.EpisodeLength.sum": {
            "value": 19670.0,
            "min": 19584.0,
            "max": 19915.0,
            "count": 25
        },
        "CarDriver.Environment.CumulativeReward.mean": {
            "value": 0.1947565543071161,
            "min": 0.1947565543071161,
            "max": 0.9015748031496063,
            "count": 25
        },
        "CarDriver.Environment.CumulativeReward.sum": {
            "value": 52.0,
            "min": 52.0,
            "max": 229.0,
            "count": 25
        },
        "CarDriver.Policy.ExtrinsicReward.mean": {
            "value": 0.1947565543071161,
            "min": 0.1947565543071161,
            "max": 0.9015748031496063,
            "count": 25
        },
        "CarDriver.Policy.ExtrinsicReward.sum": {
            "value": 52.0,
            "min": 52.0,
            "max": 229.0,
            "count": 25
        },
        "CarDriver.Policy.GailReward.mean": {
            "value": 10.52171185110741,
            "min": 10.074301502873778,
            "max": 43.42319996022492,
            "count": 25
        },
        "CarDriver.Policy.GailReward.sum": {
            "value": 2809.2970642456785,
            "min": 2809.2970642456785,
            "max": 6035.824794471264,
            "count": 25
        },
        "CarDriver.IsTraining.mean": {
            "value": 1.0,
            "min": 1.0,
            "max": 1.0,
            "count": 25
        },
        "CarDriver.IsTraining.sum": {
            "value": 1.0,
            "min": 1.0,
            "max": 1.0,
            "count": 25
        }
    },
    "metadata": {
        "timer_format_version": "0.1.0",
        "start_time_seconds": "1751177206",
        "python_version": "3.8.0 (tags/v3.8.0:fa919fd, Oct 14 2019, 19:37:50) [MSC v.1916 64 bit (AMD64)]",
        "command_line_arguments": "C:\\Users\\vanos\\OneDrive\\Desktop\\Uni Stuff\\Y3\\Redo\\Advanced Tools\\Git Project\\MLAdvancedTools\\venv\\Scripts\\mlagents-learn config/CarDriver.yaml --run-id=FinalTestImitation2",
        "mlagents_version": "0.29.0",
        "mlagents_envs_version": "0.29.0",
        "communication_protocol_version": "1.5.0",