{
    "name": "root",
    "metadata": {
        "timer_format_version": "0.1.0",
        "start_time_seconds": "1750656610",
        "python_version": "3.8.0 (tags/v3.8.0:fa919fd, Oct 14 2019, 19:37:50) [MSC v.1916 64 bit (AMD64)]",
        "command_line_arguments": "C:\\Users\\vanos\\OneDrive\\Desktop\\Uni Stuff\\Y3\\Redo\\Advanced Tools\\Git Project\\MLAdvancedTools\\venv\\Scripts\\mlagents-learn",
        "mlagents_version": "0.29.0",
        "mlagents_envs_version": "0.29.0",
        "communication_protocol_version": "1.5.0",
        "pytorch_version": "2.4.1+cpu",
        "numpy_version": "1.21.2",
        "end_time_seconds": "1750656701"
    },
    "total": 91.6330842,
    "count": 1,
    "self": 10.0069144,
    "children": {
        "run_training.setup": {
            "total": 0.2192261000000002,
            "count": 1,
            "self": 0.2192261000000002
        },
        "TrainerController.start_learning": {
            "total": 81.4069437,
            "count": 1,
            "self": 0.03848979999987989,
            "children": {
                "TrainerController._reset_env": {
                    "total": 37.470763500000004,
                    "count": 1,
                    "self": 37.470763500000004
                },
                "TrainerController.advance": {
                    "total": 43.73798810000011,
                    "count": 2101,
                    "self": 0.0343227000005939,
                    "children": {
                        "env_step": {
                            "total": 43.500429899999666,
                            "count": 2101,
                            "self": 39.14807779999967,
                            "children": {
                                "SubprocessEnvManager._take_step": {
                                    "total": 4.328461599999827,
                                    "count": 2102,
                                    "self": 0.09501659999978784,
                                    "children": {
                                        "TorchPolicy.evaluate": {
                                            "total": 4.233445000000039,
                                            "count": 2102,
                                            "self": 0.6050833000000608,
                                            "children": {
                                                "TorchPolicy.sample_actions": {
                                                    "total": 3.628361699999978,
                                                    "count": 2102,
                                                    "self": 3.628361699999978
                                                }
                                            }
                                        }
                                    }
                                },
                                "workers": {
                                    "total": 0.02389050000017079,
                                    "count": 2100,
                                    "self": 0.0,
                                    "children": {
                                        "worker_root": {
                                            "total": 13.556283999999899,
                                            "count": 2100,
                                            "is_parallel": true,
                                            "self": 7.418317499999663,
                                            "children": {
                                                "steps_from_proto": {
                                                    "total": 0.001107100000002248,
                                                    "count": 2,
                                                    "is_parallel": true,
                                                    "self": 0.0005459000000058722,
                                                    "children": {
                                                        "_process_rank_one_or_two_observation": {
                                                            "total": 0.0005611999999963757,
                                                            "count": 8,
                                                            "is_parallel": true,
                                                            "self": 0.0005611999999963757
                                                        }
                                                    }
                                                },
                                                "UnityEnvironment.step": {
                                                    "total": 6.136859400000233,
                                                    "count": 2100,
                                                    "is_parallel": true,
                                                    "self": 0.12730190000009145,
                                                    "children": {
                                                        "UnityEnvironment._generate_step_input": {
                                                            "total": 0.11035589999993078,
                                                            "count": 2100,
                                                            "is_parallel": true,
                                                            "self": 0.11035589999993078
                                                        },
                                                        "communicator.exchange": {
                                                            "total": 5.308419000000011,
                                                            "count": 2100,
                                                            "is_parallel": true,
                                                            "self": 5.308419000000011
                                                        },
                                                        "steps_from_proto": {
                                                            "total": 0.5907826000001997,
                                                            "count": 2100,
                                                            "is_parallel": true,
                                                            "self": 0.35633209999996396,
                                                            "children": {
                                                                "_process_rank_one_or_two_observation": {
                                                                    "total": 0.2344505000002357,
                                                                    "count": 8400,
                                                                    "is_parallel": true,
                                                                    "self": 0.2344505000002357
                                                                }
                                                            }
                                                        }
                                                    }
                                                }
                                            }
                                        }
                                    }
                                }
                            }
                        },
                        "trainer_advance": {
                            "total": 0.2032354999998489,
                            "count": 2100,
                            "self": 0.04514129999985528,
                            "children": {
                                "process_trajectory": {
                                    "total": 0.15809419999999363,
                                    "count": 2100,