{
    "name": "root",
    "metadata": {
        "timer_format_version": "0.1.0",
        "start_time_seconds": "1750831590",
        "python_version": "3.8.0 (tags/v3.8.0:fa919fd, Oct 14 2019, 19:37:50) [MSC v.1916 64 bit (AMD64)]",
        "command_line_arguments": "C:\\Users\\vanos\\OneDrive\\Desktop\\Uni Stuff\\Y3\\Redo\\Advanced Tools\\Git Project\\MLAdvancedTools\\venv\\Scripts\\mlagents-learn --run-id=Test3",
        "mlagents_version": "0.29.0",
        "mlagents_envs_version": "0.29.0",
        "communication_protocol_version": "1.5.0",
        "pytorch_version": "2.4.1+cpu",
        "numpy_version": "1.21.2",
        "end_time_seconds": "1750831636"
    },
    "total": 46.1733558,
    "count": 1,
    "self": 10.005917699999998,
    "children": {
        "run_training.setup": {
            "total": 0.12728439999999974,
            "count": 1,
            "self": 0.12728439999999974
        },
        "TrainerController.start_learning": {
            "total": 36.040153700000005,
            "count": 1,
            "self": 0.04129180000008148,
            "children": {
                "TrainerController._reset_env": {
                    "total": 9.3637378,
                    "count": 1,
                    "self": 9.3637378
                },
                "TrainerController.advance": {
                    "total": 26.49892789999992,
                    "count": 2067,
                    "self": 0.03845009999965043,
                    "children": {
                        "env_step": {
                            "total": 26.259289600000113,
                            "count": 2067,
                            "self": 21.38708920000007,
                            "children": {
                                "SubprocessEnvManager._take_step": {
                                    "total": 4.84660280000011,
                                    "count": 2068,
                                    "self": 0.10156060000018208,
                                    "children": {
                                        "TorchPolicy.evaluate": {
                                            "total": 4.7450421999999275,
                                            "count": 2068,
                                            "self": 0.6650614999999576,
                                            "children": {
                                                "TorchPolicy.sample_actions": {
                                                    "total": 4.07998069999997,
                                                    "count": 2068,
                                                    "self": 4.07998069999997
                                                }
                                            }
                                        }
                                    }
                                },
                                "workers": {
                                    "total": 0.025597599999935383,
                                    "count": 2066,
                                    "self": 0.0,
                                    "children": {
                                        "worker_root": {
                                            "total": 14.748079799999879,
                                            "count": 2066,
                                            "is_parallel": true,
                                            "self": 7.661797699999974,
                                            "children": {
                                                "steps_from_proto": {
                                                    "total": 0.001012200000001684,
                                                    "count": 2,
                                                    "is_parallel": true,
                                                    "self": 0.0005020999999985065,
                                                    "children": {
                                                        "_process_rank_one_or_two_observation": {
                                                            "total": 0.0005101000000031775,
                                                            "count": 8,
                                                            "is_parallel": true,
                                                            "self": 0.0005101000000031775
                                                        }
                                                    }
                                                },
                                                "UnityEnvironment.step": {
                                                    "total": 7.085269899999902,
                                                    "count": 2066,
                                                    "is_parallel": true,
                                                    "self": 0.14205899999991978,
                                                    "children": {
                                                        "UnityEnvironment._generate_step_input": {
                                                            "total": 0.12130129999998474,
                                                            "count": 2066,
                                                            "is_parallel": true,
                                                            "self": 0.12130129999998474
                                                        },
                                                        "communicator.exchange": {
                                                            "total": 6.182632399999978,
                                                            "count": 2066,
                                                            "is_parallel": true,
                                                            "self": 6.182632399999978
                                                        },
                                                        "steps_from_proto": {
                                                            "total": 0.63927720000002,
                                                            "count": 2066,
                                                            "is_parallel": true,
                                                            "self": 0.38288709999996406,
                                                            "children": {
                                                                "_process_rank_one_or_two_observation": {
                                                                    "total": 0.2563901000000559,
                                                                    "count": 8264,
                                                                    "is_parallel": true,
                                                                    "self": 0.2563901000000559
                                                                }
                                                            }
                                                        }
                                                    }
                                                }
                                            }
                                        }
                                    }
                                }
                            }
                        },
                        "trainer_advance": {
                            "total": 0.20118820000015702,
                            "count": 2066,
                            "self": 0.04829920000017118,
                            "children": {
                                "process_trajectory": {
                                    "total": 0.15288899999998584,
                                    "count": 2066,