{
    "name": "root",
    "metadata": {
        "timer_format_version": "0.1.0",
        "start_time_seconds": "1750917131",
        "python_version": "3.8.0 (tags/v3.8.0:fa919fd, Oct 14 2019, 19:37:50) [MSC v.1916 64 bit (AMD64)]",
        "command_line_arguments": "C:\\Users\\vanos\\OneDrive\\Desktop\\Uni Stuff\\Y3\\Redo\\Advanced Tools\\Git Project\\MLAdvancedTools\\venv\\Scripts\\mlagents-learn --run-id=Test6",
        "mlagents_version": "0.29.0",
        "mlagents_envs_version": "0.29.0",
        "communication_protocol_version": "1.5.0",
        "pytorch_version": "2.4.1+cpu",
        "numpy_version": "1.21.2",
        "end_time_seconds": "1750917328"
    },
    "total": 196.6174884,
    "count": 1,
    "self": 0.007900000000034879,
    "children": {
        "run_training.setup": {
            "total": 0.11885489999999876,
            "count": 1,
            "self": 0.11885489999999876
        },
        "TrainerController.start_learning": {
            "total": 196.49073349999998,
            "count": 1,
            "self": 0.27634340000034285,
            "children": {
                "TrainerController._reset_env": {
                    "total": 20.190997599999996,
                    "count": 1,
                    "self": 20.190997599999996
                },
                "TrainerController.advance": {
                    "total": 175.77862569999962,
                    "count": 15734,
                    "self": 0.26681389999902194,
                    "children": {
                        "env_step": {
                            "total": 171.46014339999888,
                            "count": 15734,
                            "self": 139.5043082000006,
                            "children": {
                                "SubprocessEnvManager._take_step": {
                                    "total": 31.768704099998814,
                                    "count": 15735,
                                    "self": 0.6986970000005996,
                                    "children": {
                                        "TorchPolicy.evaluate": {
                                            "total": 31.070007099998215,
                                            "count": 15735,
                                            "self": 4.450891699996532,
                                            "children": {
                                                "TorchPolicy.sample_actions": {
                                                    "total": 26.619115400001682,
                                                    "count": 15735,
                                                    "self": 26.619115400001682
                                                }
                                            }
                                        }
                                    }
                                },
                                "workers": {
                                    "total": 0.1871310999994833,
                                    "count": 15733,
                                    "self": 0.0,
                                    "children": {
                                        "worker_root": {
                                            "total": 96.87791290000045,
                                            "count": 15733,
                                            "is_parallel": true,
                                            "self": 59.847219100000196,
                                            "children": {
                                                "steps_from_proto": {
                                                    "total": 0.007366799999998008,
                                                    "count": 2,
                                                    "is_parallel": true,
                                                    "self": 0.0034566999999956494,
                                                    "children": {
                                                        "_process_rank_one_or_two_observation": {
                                                            "total": 0.003910100000002359,
                                                            "count": 8,
                                                            "is_parallel": true,
                                                            "self": 0.003910100000002359
                                                        }
                                                    }
                                                },
                                                "UnityEnvironment.step": {
                                                    "total": 37.02332700000026,
                                                    "count": 15733,
                                                    "is_parallel": true,
                                                    "self": 0.9553781000006936,
                                                    "children": {
                                                        "UnityEnvironment._generate_step_input": {
                                                            "total": 0.8034695999991577,
                                                            "count": 15733,
                                                            "is_parallel": true,
                                                            "self": 0.8034695999991577
                                                        },
                                                        "communicator.exchange": {
                                                            "total": 31.027772999999538,
                                                            "count": 15733,
                                                            "is_parallel": true,
                                                            "self": 31.027772999999538
                                                        },
                                                        "steps_from_proto": {
                                                            "total": 4.236706300000865,
                                                            "count": 15733,
                                                            "is_parallel": true,
                                                            "self": 2.5370306000021863,
                                                            "children": {
                                                                "_process_rank_one_or_two_observation": {
                                                                    "total": 1.6996756999986786,
                                                                    "count": 62932,
                                                                    "is_parallel": true,
                                                                    "self": 1.6996756999986786
                                                                }
                                                            }
                                                        }
                                                    }
                                                }
                                            }
                                        }
                                    }
                                }
                            }
                        },
                        "trainer_advance": {
                            "total": 4.051668400001709,
                            "count": 15733,
                            "self": 0.33916830000187304,
                            "children": {
                                "process_trajectory": {
                                    "total": 1.1878992999998346,
                                    "count": 15733,
                                    "self": 1.1878992999998346
                                },