{
    "name": "root",
    "gauges": {
        "CarDriver.Policy.Entropy.mean": {
            "value": 1.4830067157745361,
            "min": 1.4830067157745361,
            "max": 2.1958274841308594,
            "count": 25
        },
        "CarDriver.Policy.Entropy.sum": {
            "value": 29529.62890625,
            "min": 29529.62890625,
            "max": 44707.046875,
            "count": 25
        },
        "CarDriver.Step.mean": {
            "value": 499963.0,
            "min": 19949.0,
            "max": 499963.0,
            "count": 25
        },
        "CarDriver.Step.sum": {
            "value": 499963.0,
            "min": 19949.0,
            "max": 499963.0,
            "count": 25
        },
        "CarDriver.Policy.ExtrinsicValueEstimate.mean": {
            "value": -0.4119487702846527,
            "min": -6.666125297546387,
            "max": 1.1438039541244507,
            "count": 25
        },
        "CarDriver.Policy.ExtrinsicValueEstimate.sum": {
            "value": -129.35191345214844,
            "min": -2286.48095703125,
            "max": 395.75616455078125,
            "count": 25
        },
        "CarDriver.Policy.GailValueEstimate.mean": {
            "value": 0.5876084566116333,
            "min": 0.26058414578437805,
            "max": 0.6055313944816589,
            "count": 25
        },
        "CarDriver.Policy.GailValueEstimate.sum": {
            "value": 184.50906372070312,
            "min": 81.82342529296875,
            "max": 192.55899047851562,
            "count": 25
        },
        "CarDriver.Losses.PolicyLoss.mean": {
            "value": 0.0414219642631922,
            "min": 0.03891999331985094,
            "max": 0.048960459863775646,
            "count": 25
        },
        "CarDriver.Losses.PolicyLoss.sum": {
            "value": 0.7870173210006518,
            "min": 0.5859758769989841,
            "max": 0.8899714906001464,
            "count": 25
        },
        "CarDriver.Losses.ValueLoss.mean": {
            "value": 2.2377467162155527,
            "min": 0.12048581721293823,
            "max": 14.596114367769477,
            "count": 25
        },
        "CarDriver.Losses.ValueLoss.sum": {
            "value": 42.5171876080955,
            "min": 2.2892305270458264,
            "max": 277.32617298762005,
            "count": 25
        },
        "CarDriver.Policy.LearningRate.mean": {
            "value": 5.949129595936842e-06,
            "min": 5.949129595936842e-06,
            "max": 0.0002936607251900154,
            "count": 25
        },
        "CarDriver.Policy.LearningRate.sum": {
            "value": 0.0001130334623228,
            "min": 0.0001130334623228,
            "max": 0.005128359790546801,
            "count": 25
        },
        "CarDriver.Policy.Epsilon.mean": {
            "value": 0.10198301052631581,
            "min": 0.10198301052631581,
            "max": 0.1978869076923077,
            "count": 25
        },
        "CarDriver.Policy.Epsilon.sum": {
            "value": 1.9376772000000004,
            "min": 1.9073636,
            "max": 3.6094532000000004,
            "count": 25
        },
        "CarDriver.Policy.Beta.mean": {
            "value": 1.971675157894737e-05,
            "min": 1.971675157894737e-05,
            "max": 0.0004896458476923078,
            "count": 25
        },
        "CarDriver.Policy.Beta.sum": {
            "value": 0.00037461828,
            "min": 0.00037461828,
            "max": 0.008566320680000001,
            "count": 25
        },
        "CarDriver.Policy.GAILPolicyEstimate.mean": {
            "value": 0.43197330022067354,
            "min": 0.21876844784451854,
            "max": 0.5069160382589722,
            "count": 25
        },
        "CarDriver.Policy.GAILPolicyEstimate.sum": {
            "value": 8.207492704192797,
            "min": 3.937832061201334,
            "max": 8.207492704192797,
            "count": 25
        },
        "CarDriver.Policy.GAILExpertEstimate.mean": {
            "value": 0.56642655845274,
            "min": 0.56642655845274,
            "max": 0.8220761785352672,
            "count": 25
        },
        "CarDriver.Policy.GAILExpertEstimate.sum": {
            "value": 10.76210461060206,
            "min": 7.798975673649047,
            "max": 14.79737121363481,
            "count": 25
        },
        "CarDriver.Losses.GAILLoss.mean": {
            "value": 1.198694258666875,
            "min": 0.45718569004977183,
            "max": 1.2670456995821406,
            "count": 25
        },
        "CarDriver.Losses.GAILLoss.sum": {
            "value": 22.775190914670624,
            "min": 8.229342420895893,
            "max": 22.775190914670624,
            "count": 25
        },
        "CarDriver.Policy.GAILGradMagLoss.mean": {
            "value": 0.017693592987039635,
            "min": 0.017693592987039635,
            "max": 2.3825700795262033,
            "count": 25
        },
        "CarDriver.Policy.GAILGradMagLoss.sum": {
            "value": 0.33617826675375306,
            "min": 0.33617826675375306,
            "max": 30.973411033840645,
            "count": 25
        },
        "CarDriver.Losses.PretrainingLoss.mean": {
            "value": 0.815552136354279,
            "min": 0.815552136354279,
            "max": 1.116111413196281,
            "count": 25
        },
        "CarDriver.Losses.PretrainingLoss.sum": {
            "value": 15.495490590731302,
            "min": 14.265570901689076,
            "max": 20.240992574464705,
            "count": 25
        },
        "CarDriver.Environment.EpisodeLength.mean": {
            "value": 3039.25,
            "min": 257.09090909090907,
            "max": 4999.0,
            "count": 25
        },
        "CarDriver.Environment.EpisodeLength.sum": {
            "value": 12157.0,
            "min": 2095.0,
            "max": 34993.0,
            "count": 25
        },
        "CarDriver.Environment.CumulativeReward.mean": {
            "value": -31.26515248976648,
            "min": -100.85418508977939,
            "max": 4.000387132323037,
            "count": 25
        },
        "CarDriver.Environment.CumulativeReward.sum": {
            "value": -125.06060995906591,
            "min": -1775.52531722188,
            "max": 229.43568375706673,
            "count": 25
        },
        "CarDriver.Policy.ExtrinsicReward.mean": {
            "value": -31.26515248976648,
            "min": -100.85418508977939,
            "max": 4.000387132323037,
            "count": 25
        },
        "CarDriver.Policy.ExtrinsicReward.sum": {
            "value": -125.06060995906591,
            "min": -1775.52531722188,
            "max": 229.43568375706673,
            "count": 25
        },
        "CarDriver.Policy.GailReward.mean": {
            "value": 20.14889944816241,
            "min": 1.3654333309050461,
            "max": 35.919519409537315,
            "count": 25
        },
        "CarDriver.Policy.GailReward.sum": {
            "value": 80.59559779264964,
            "min": 3.4299176749773324,
            "max": 201.13835110142827,
            "count": 25
        },
        "CarDriver.IsTraining.mean": {
            "value": 1.0,
            "min": 1.0,
            "max": 1.0,
            "count": 25
        },
        "CarDriver.IsTraining.sum": {
            "value": 1.0,
            "min": 1.0,
            "max": 1.0,
            "count": 25
        }
    },
    "metadata": {
        "timer_format_version": "0.1.0",
        "start_time_seconds": "1751227742",
        "python_version": "3.8.0 (tags/v3.8.0:fa919fd, Oct 14 2019, 19:37:50) [MSC v.1916 64 bit (AMD64)]",
        "command_line_arguments": "C:\\Users\\vanos\\OneDrive\\Desktop\\Uni Stuff\\Y3\\Redo\\Advanced Tools\\Git Project\\MLAdvancedTools\\venv\\Scripts\\mlagents-learn config/CarDriver.yaml --run-id=FinalTestWithImi3",
        "mlagents_version": "0.29.0",
        "mlagents_envs_version": "0.29.0",