{
    "name": "root",
    "metadata": {
        "timer_format_version": "0.1.0",
        "start_time_seconds": "1750831914",
        "python_version": "3.8.0 (tags/v3.8.0:fa919fd, Oct 14 2019, 19:37:50) [MSC v.1916 64 bit (AMD64)]",
        "command_line_arguments": "C:\\Users\\vanos\\OneDrive\\Desktop\\Uni Stuff\\Y3\\Redo\\Advanced Tools\\Git Project\\MLAdvancedTools\\venv\\Scripts\\mlagents-learn --run-id=Test4",
        "mlagents_version": "0.29.0",
        "mlagents_envs_version": "0.29.0",
        "communication_protocol_version": "1.5.0",
        "pytorch_version": "2.4.1+cpu",
        "numpy_version": "1.21.2",
        "end_time_seconds": "1750831995"
    },
    "total": 81.076843,
    "count": 1,
    "self": 0.006077800000014122,
    "children": {
        "run_training.setup": {
            "total": 0.12525429999999993,
            "count": 1,
            "self": 0.12525429999999993
        },
        "TrainerController.start_learning": {
            "total": 80.94551089999999,
            "count": 1,
            "self": 0.017145099999993363,
            "children": {
                "TrainerController._reset_env": {
                    "total": 11.6358941,
                    "count": 1,
                    "self": 11.6358941
                },
                "TrainerController.advance": {
                    "total": 69.03965,
                    "count": 951,
                    "self": 0.016913400000021284,
                    "children": {
                        "env_step": {
                            "total": 68.93322570000002,
                            "count": 951,
                            "self": 66.90862840000004,
                            "children": {
                                "SubprocessEnvManager._take_step": {
                                    "total": 2.0135528999999845,
                                    "count": 951,
                                    "self": 0.04433309999996915,
                                    "children": {
                                        "TorchPolicy.evaluate": {
                                            "total": 1.9692198000000154,
                                            "count": 951,
                                            "self": 0.2833121999999779,
                                            "children": {
                                                "TorchPolicy.sample_actions": {
                                                    "total": 1.6859076000000375,
                                                    "count": 951,
                                                    "self": 1.6859076000000375
                                                }
                                            }
                                        }
                                    }
                                },
                                "workers": {
                                    "total": 0.011044399999995846,
                                    "count": 950,
                                    "self": 0.0,
                                    "children": {
                                        "worker_root": {
                                            "total": 7.098191200000034,
                                            "count": 950,
                                            "is_parallel": true,
                                            "self": 3.8662589000000427,
                                            "children": {
                                                "steps_from_proto": {
                                                    "total": 0.000542400000000498,
                                                    "count": 1,
                                                    "is_parallel": true,
                                                    "self": 0.00025330000000245434,
                                                    "children": {
                                                        "_process_rank_one_or_two_observation": {
                                                            "total": 0.0002890999999980437,
                                                            "count": 4,
                                                            "is_parallel": true,
                                                            "self": 0.0002890999999980437
                                                        }
                                                    }
                                                },
                                                "UnityEnvironment.step": {
                                                    "total": 3.231389899999991,
                                                    "count": 950,
                                                    "is_parallel": true,
                                                    "self": 0.05969659999992416,
                                                    "children": {
                                                        "UnityEnvironment._generate_step_input": {
                                                            "total": 0.05440390000006978,
                                                            "count": 950,
                                                            "is_parallel": true,
                                                            "self": 0.05440390000006978
                                                        },
                                                        "communicator.exchange": {
                                                            "total": 2.8436594999999922,
                                                            "count": 950,
                                                            "is_parallel": true,
                                                            "self": 2.8436594999999922
                                                        },
                                                        "steps_from_proto": {
                                                            "total": 0.27362990000000487,
                                                            "count": 950,
                                                            "is_parallel": true,
                                                            "self": 0.16402499999986375,
                                                            "children": {
                                                                "_process_rank_one_or_two_observation": {
                                                                    "total": 0.10960490000014111,
                                                                    "count": 3800,
                                                                    "is_parallel": true,
                                                                    "self": 0.10960490000014111
                                                                }
                                                            }
                                                        }
                                                    }
                                                }
                                            }
                                        }
                                    }
                                }
                            }
                        },
                        "trainer_advance": {
                            "total": 0.08951089999994899,
                            "count": 950,
                            "self": 0.021112899999961243,
                            "children": {
                                "process_trajectory": {
                                    "total": 0.06839799999998775,
                                    "count": 950,